diagnosis,table,column,row,value,repair,extended_diagnosis,file_path,data_type,nullable
illegal depth,ws,depth,1,2,,depth must be less than or equal to tot_depth_water_col (18),/github/workspace/logsheets/filtered/water_sampling.csv,XSDString,False
illegal depth,ws,depth,2,2,,depth must be less than or equal to tot_depth_water_col (18),/github/workspace/logsheets/filtered/water_sampling.csv,XSDString,False
illegal depth,ws,depth,3,2,,depth must be less than or equal to tot_depth_water_col (18),/github/workspace/logsheets/filtered/water_sampling.csv,XSDString,False
illegal depth,ws,depth,4,2,,depth must be less than or equal to tot_depth_water_col (18),/github/workspace/logsheets/filtered/water_sampling.csv,XSDString,False
illegal depth,ws,depth,5,2,,depth must be less than or equal to tot_depth_water_col (18),/github/workspace/logsheets/filtered/water_sampling.csv,XSDString,False
illegal depth,ws,depth,6,2,,depth must be less than or equal to tot_depth_water_col (18),/github/workspace/logsheets/filtered/water_sampling.csv,XSDString,False
illegal depth,ws,depth,7,2,,depth must be less than or equal to tot_depth_water_col (18),/github/workspace/logsheets/filtered/water_sampling.csv,XSDString,False
illegal depth,ws,depth,8,2,,depth must be less than or equal to tot_depth_water_col (18),/github/workspace/logsheets/filtered/water_sampling.csv,XSDString,False
illegal depth,ws,depth,9,2,,depth must be less than or equal to tot_depth_water_col (18),/github/workspace/logsheets/filtered/water_sampling.csv,XSDString,False
illegal depth,ws,depth,10,2,,depth must be less than or equal to tot_depth_water_col (18),/github/workspace/logsheets/filtered/water_sampling.csv,XSDString,False
illegal depth,ws,depth,11,2,,depth must be less than or equal to tot_depth_water_col (18),/github/workspace/logsheets/filtered/water_sampling.csv,XSDString,False
illegal depth,ws,depth,12,2,,depth must be less than or equal to tot_depth_water_col (18),/github/workspace/logsheets/filtered/water_sampling.csv,XSDString,False
illegal depth,ws,depth,13,2,,depth must be less than or equal to tot_depth_water_col (18),/github/workspace/logsheets/filtered/water_sampling.csv,XSDString,False
illegal depth,ws,depth,14,2,,depth must be less than or equal to tot_depth_water_col (18),/github/workspace/logsheets/filtered/water_sampling.csv,XSDString,False
illegal depth,ws,depth,15,2,,depth must be less than or equal to tot_depth_water_col (18),/github/workspace/logsheets/filtered/water_sampling.csv,XSDString,False
illegal depth,ws,depth,16,2,,depth must be less than or equal to tot_depth_water_col (18),/github/workspace/logsheets/filtered/water_sampling.csv,XSDString,False
illegal depth,ws,depth,17,2,,depth must be less than or equal to tot_depth_water_col (18),/github/workspace/logsheets/filtered/water_sampling.csv,XSDString,False
illegal depth,ws,depth,18,2,,depth must be less than or equal to tot_depth_water_col (18),/github/workspace/logsheets/filtered/water_sampling.csv,XSDString,False
illegal depth,ws,depth,19,2,,depth must be less than or equal to tot_depth_water_col (18),/github/workspace/logsheets/filtered/water_sampling.csv,XSDString,False
illegal depth,ws,depth,20,2,,depth must be less than or equal to tot_depth_water_col (18),/github/workspace/logsheets/filtered/water_sampling.csv,XSDString,False
illegal depth,ws,depth,21,2,,depth must be less than or equal to tot_depth_water_col (18),/github/workspace/logsheets/filtered/water_sampling.csv,XSDString,False
illegal depth,ws,depth,22,2,,depth must be less than or equal to tot_depth_water_col (18),/github/workspace/logsheets/filtered/water_sampling.csv,XSDString,False
illegal depth,ws,depth,23,2,,depth must be less than or equal to tot_depth_water_col (18),/github/workspace/logsheets/filtered/water_sampling.csv,XSDString,False
illegal depth,ws,depth,24,2,,depth must be less than or equal to tot_depth_water_col (18),/github/workspace/logsheets/filtered/water_sampling.csv,XSDString,False
illegal depth,ws,depth,25,2,,depth must be less than or equal to tot_depth_water_col (18),/github/workspace/logsheets/filtered/water_sampling.csv,XSDString,False
illegal depth,ws,depth,26,2,,depth must be less than or equal to tot_depth_water_col (18),/github/workspace/logsheets/filtered/water_sampling.csv,XSDString,False
illegal depth,ws,depth,27,2,,depth must be less than or equal to tot_depth_water_col (18),/github/workspace/logsheets/filtered/water_sampling.csv,XSDString,False
illegal depth,ws,depth,28,2,,depth must be less than or equal to tot_depth_water_col (18),/github/workspace/logsheets/filtered/water_sampling.csv,XSDString,False
illegal depth,ws,depth,29,2,,depth must be less than or equal to tot_depth_water_col (18),/github/workspace/logsheets/filtered/water_sampling.csv,XSDString,False
illegal depth,ws,depth,30,2,,depth must be less than or equal to tot_depth_water_col (18),/github/workspace/logsheets/filtered/water_sampling.csv,XSDString,False
illegal depth,ws,depth,31,2,,depth must be less than or equal to tot_depth_water_col (18),/github/workspace/logsheets/filtered/water_sampling.csv,XSDString,False
illegal depth,ws,depth,32,2,,depth must be less than or equal to tot_depth_water_col (18),/github/workspace/logsheets/filtered/water_sampling.csv,XSDString,False
illegal depth,ws,depth,33,2,,depth must be less than or equal to tot_depth_water_col (18),/github/workspace/logsheets/filtered/water_sampling.csv,XSDString,False
illegal depth,ws,depth,34,2,,depth must be less than or equal to tot_depth_water_col (18),/github/workspace/logsheets/filtered/water_sampling.csv,XSDString,False
illegal depth,ws,depth,35,2,,depth must be less than or equal to tot_depth_water_col (18),/github/workspace/logsheets/filtered/water_sampling.csv,XSDString,False
illegal depth,ws,depth,36,2,,depth must be less than or equal to tot_depth_water_col (18),/github/workspace/logsheets/filtered/water_sampling.csv,XSDString,False
illegal depth,ws,depth,37,2,,depth must be less than or equal to tot_depth_water_col (18),/github/workspace/logsheets/filtered/water_sampling.csv,XSDString,False
illegal depth,ws,depth,38,2,,depth must be less than or equal to tot_depth_water_col (18),/github/workspace/logsheets/filtered/water_sampling.csv,XSDString,False
illegal depth,ws,depth,39,2,,depth must be less than or equal to tot_depth_water_col (18),/github/workspace/logsheets/filtered/water_sampling.csv,XSDString,False
illegal depth,ws,depth,40,2,,depth must be less than or equal to tot_depth_water_col (18),/github/workspace/logsheets/filtered/water_sampling.csv,XSDString,False
organization edmoid error,wo,organization_edmoid,1,544,https://edmo.seadatanet.org/report/544,organization edmoid should be a list of URIs,/github/workspace/logsheets/filtered/water_observatory.csv,EMOBONList,False
source_mat_id error,ws,source_mat_id,1,EMOBON_Bergen_Wa_1,,source_mat_id should match ^EMOBON_Bergen_Wa_220426_200um_1$,/github/workspace/logsheets/filtered/water_sampling.csv,XSDString,False
source_mat_id error,ws,source_mat_id,2,EMOBON_Bergen_Wa_2,,source_mat_id should match ^EMOBON_Bergen_Wa_220426_200um_2$,/github/workspace/logsheets/filtered/water_sampling.csv,XSDString,False
source_mat_id error,ws,source_mat_id,3,EMOBON_Bergen_Wa_3,,source_mat_id should match ^EMOBON_Bergen_Wa_220426_3um_1$,/github/workspace/logsheets/filtered/water_sampling.csv,XSDString,False
source_mat_id error,ws,source_mat_id,4,EMOBON_Bergen_Wa_4,,source_mat_id should match ^EMOBON_Bergen_Wa_220426_3um_2$,/github/workspace/logsheets/filtered/water_sampling.csv,XSDString,False
source_mat_id error,ws,source_mat_id,5,EMOBON_Bergen_Wa_5,,source_mat_id should match ^EMOBON_Bergen_Wa_220426_200um_3$,/github/workspace/logsheets/filtered/water_sampling.csv,XSDString,False
source_mat_id error,ws,source_mat_id,6,EMOBON_Bergen_Wa_6,,source_mat_id should match ^EMOBON_Bergen_Wa_220426_200um_4$,/github/workspace/logsheets/filtered/water_sampling.csv,XSDString,False
source_mat_id error,ws,source_mat_id,7,EMOBON_Bergen_Wa_7,,source_mat_id should match ^EMOBON_Bergen_Wa_220426_3um_3$,/github/workspace/logsheets/filtered/water_sampling.csv,XSDString,False
source_mat_id error,ws,source_mat_id,8,EMOBON_Bergen_Wa_8,,source_mat_id should match ^EMOBON_Bergen_Wa_220426_3um_4$,/github/workspace/logsheets/filtered/water_sampling.csv,XSDString,False
source_mat_id error,ws,source_mat_id,9,EMOBON_Bergen_Wa_9,,source_mat_id should match ^EMOBON_Bergen_Wa_220426_200um_blank_1$,/github/workspace/logsheets/filtered/water_sampling.csv,XSDString,False
source_mat_id error,ws,source_mat_id,10,EMOBON_Bergen_Wa_10,,source_mat_id should match ^EMOBON_Bergen_Wa_220426_3um_blank_1$,/github/workspace/logsheets/filtered/water_sampling.csv,XSDString,False
source_mat_id error,ws,source_mat_id,11,EMOBON_Bergen_Wa_11,,source_mat_id should match ^EMOBON_Bergen_Wa_220630_200um_1$,/github/workspace/logsheets/filtered/water_sampling.csv,XSDString,False
source_mat_id error,ws,source_mat_id,12,EMOBON_Bergen_Wa_12,,source_mat_id should match ^EMOBON_Bergen_Wa_220630_200um_2$,/github/workspace/logsheets/filtered/water_sampling.csv,XSDString,False
source_mat_id error,ws,source_mat_id,13,EMOBON_Bergen_Wa_13,,source_mat_id should match ^EMOBON_Bergen_Wa_220630_3um_1$,/github/workspace/logsheets/filtered/water_sampling.csv,XSDString,False
source_mat_id error,ws,source_mat_id,14,EMOBON_Bergen_Wa_14,,source_mat_id should match ^EMOBON_Bergen_Wa_220630_3um_2$,/github/workspace/logsheets/filtered/water_sampling.csv,XSDString,False
source_mat_id error,ws,source_mat_id,15,EMOBON_Bergen_Wa_15,,source_mat_id should match ^EMOBON_Bergen_Wa_220630_200um_3$,/github/workspace/logsheets/filtered/water_sampling.csv,XSDString,False
source_mat_id error,ws,source_mat_id,16,EMOBON_Bergen_Wa_16,,source_mat_id should match ^EMOBON_Bergen_Wa_220630_200um_4$,/github/workspace/logsheets/filtered/water_sampling.csv,XSDString,False
source_mat_id error,ws,source_mat_id,17,EMOBON_Bergen_Wa_17,,source_mat_id should match ^EMOBON_Bergen_Wa_220630_3um_3$,/github/workspace/logsheets/filtered/water_sampling.csv,XSDString,False
source_mat_id error,ws,source_mat_id,18,EMOBON_Bergen_Wa_18,,source_mat_id should match ^EMOBON_Bergen_Wa_220630_3um_4$,/github/workspace/logsheets/filtered/water_sampling.csv,XSDString,False
source_mat_id error,ws,source_mat_id,19,EMOBON_Bergen_Wa_19,,source_mat_id should match ^EMOBON_Bergen_Wa_220630_200um_blank_1$,/github/workspace/logsheets/filtered/water_sampling.csv,XSDString,False
source_mat_id error,ws,source_mat_id,20,EMOBON_Bergen_Wa_20,,source_mat_id should match ^EMOBON_Bergen_Wa_220630_3um_blank_1$,/github/workspace/logsheets/filtered/water_sampling.csv,XSDString,False
source_mat_id error,ws,source_mat_id,21,EMOBON_Bergen_Wa_21,,source_mat_id should match ^EMOBON_Bergen_Wa_220831_200um_1$,/github/workspace/logsheets/filtered/water_sampling.csv,XSDString,False
source_mat_id error,ws,source_mat_id,22,EMOBON_Bergen_Wa_22,,source_mat_id should match ^EMOBON_Bergen_Wa_220831_200um_2$,/github/workspace/logsheets/filtered/water_sampling.csv,XSDString,False
source_mat_id error,ws,source_mat_id,23,EMOBON_Bergen_Wa_23,,source_mat_id should match ^EMOBON_Bergen_Wa_220831_3um_1$,/github/workspace/logsheets/filtered/water_sampling.csv,XSDString,False
source_mat_id error,ws,source_mat_id,24,EMOBON_Bergen_Wa_24,,source_mat_id should match ^EMOBON_Bergen_Wa_220831_3um_2$,/github/workspace/logsheets/filtered/water_sampling.csv,XSDString,False
source_mat_id error,ws,source_mat_id,25,EMOBON_Bergen_Wa_25,,source_mat_id should match ^EMOBON_Bergen_Wa_220831_200um_3$,/github/workspace/logsheets/filtered/water_sampling.csv,XSDString,False
source_mat_id error,ws,source_mat_id,26,EMOBON_Bergen_Wa_26,,source_mat_id should match ^EMOBON_Bergen_Wa_220831_200um_4$,/github/workspace/logsheets/filtered/water_sampling.csv,XSDString,False
source_mat_id error,ws,source_mat_id,27,EMOBON_Bergen_Wa_27,,source_mat_id should match ^EMOBON_Bergen_Wa_220831_3um_3$,/github/workspace/logsheets/filtered/water_sampling.csv,XSDString,False
source_mat_id error,ws,source_mat_id,28,EMOBON_Bergen_Wa_28,,source_mat_id should match ^EMOBON_Bergen_Wa_220831_3um_4$,/github/workspace/logsheets/filtered/water_sampling.csv,XSDString,False
source_mat_id error,ws,source_mat_id,29,EMOBON_Bergen_Wa_29,,source_mat_id should match ^EMOBON_Bergen_Wa_220831_200um_blank_1$,/github/workspace/logsheets/filtered/water_sampling.csv,XSDString,False
source_mat_id error,ws,source_mat_id,30,EMOBON_Bergen_Wa_30,,source_mat_id should match ^EMOBON_Bergen_Wa_220831_3um_blank_1$,/github/workspace/logsheets/filtered/water_sampling.csv,XSDString,False
source_mat_id error,ws,source_mat_id,31,EMOBON_Bergen_Wa_31,,source_mat_id should match ^EMOBON_Bergen_Wa_221025_200um_1$,/github/workspace/logsheets/filtered/water_sampling.csv,XSDString,False
source_mat_id error,ws,source_mat_id,32,EMOBON_Bergen_Wa_32,,source_mat_id should match ^EMOBON_Bergen_Wa_221025_200um_2$,/github/workspace/logsheets/filtered/water_sampling.csv,XSDString,False
source_mat_id error,ws,source_mat_id,33,EMOBON_Bergen_Wa_33,,source_mat_id should match ^EMOBON_Bergen_Wa_221025_3um_1$,/github/workspace/logsheets/filtered/water_sampling.csv,XSDString,False
source_mat_id error,ws,source_mat_id,34,EMOBON_Bergen_Wa_34,,source_mat_id should match ^EMOBON_Bergen_Wa_221025_3um_2$,/github/workspace/logsheets/filtered/water_sampling.csv,XSDString,False
source_mat_id error,ws,source_mat_id,35,EMOBON_Bergen_Wa_35,,source_mat_id should match ^EMOBON_Bergen_Wa_221025_200um_3$,/github/workspace/logsheets/filtered/water_sampling.csv,XSDString,False
source_mat_id error,ws,source_mat_id,36,EMOBON_Bergen_Wa_36,,source_mat_id should match ^EMOBON_Bergen_Wa_221025_200um_4$,/github/workspace/logsheets/filtered/water_sampling.csv,XSDString,False
source_mat_id error,ws,source_mat_id,37,EMOBON_Bergen_Wa_37,,source_mat_id should match ^EMOBON_Bergen_Wa_221025_3um_3$,/github/workspace/logsheets/filtered/water_sampling.csv,XSDString,False
source_mat_id error,ws,source_mat_id,38,EMOBON_Bergen_Wa_38,,source_mat_id should match ^EMOBON_Bergen_Wa_221025_3um_4$,/github/workspace/logsheets/filtered/water_sampling.csv,XSDString,False
source_mat_id error,ws,source_mat_id,39,EMOBON_Bergen_Wa_39,,source_mat_id should match ^EMOBON_Bergen_Wa_221025_200um_blank_1$,/github/workspace/logsheets/filtered/water_sampling.csv,XSDString,False
source_mat_id error,ws,source_mat_id,40,EMOBON_Bergen_Wa_40,,source_mat_id should match ^EMOBON_Bergen_Wa_221025_3um_blank_1$,/github/workspace/logsheets/filtered/water_sampling.csv,XSDString,False
datatype mismatch,wo,contact_orcid,1,0000-0002-8961-7319,https://orcid.org/0000-0002-8961-7319,,/github/workspace/logsheets/filtered/water_observatory.csv,XSDAnyURI,True
datatype mismatch,wo,loc_broad_ocean_mrgid,1,1912,http://marineregions.org/mrgid/1912,,/github/workspace/logsheets/filtered/water_observatory.csv,XSDAnyURI,False
datatype mismatch,wo,loc_loc_mrgid,1,25233,http://marineregions.org/mrgid/25233,,/github/workspace/logsheets/filtered/water_observatory.csv,XSDAnyURI,False
datatype mismatch,wo,loc_regional_mrgid,1,2350,http://marineregions.org/mrgid/2350,,/github/workspace/logsheets/filtered/water_observatory.csv,XSDAnyURI,False
missing value,ws,ENA_accession_number_sample,1,,,,/github/workspace/logsheets/filtered/water_sampling.csv,XSDAnyURI,False
missing value,ws,ENA_accession_number_sample,2,,,,/github/workspace/logsheets/filtered/water_sampling.csv,XSDAnyURI,False
missing value,ws,ENA_accession_number_sample,3,,,,/github/workspace/logsheets/filtered/water_sampling.csv,XSDAnyURI,False
missing value,ws,ENA_accession_number_sample,4,,,,/github/workspace/logsheets/filtered/water_sampling.csv,XSDAnyURI,False
missing value,ws,ENA_accession_number_sample,11,,,,/github/workspace/logsheets/filtered/water_sampling.csv,XSDAnyURI,False
missing value,ws,ENA_accession_number_sample,12,,,,/github/workspace/logsheets/filtered/water_sampling.csv,XSDAnyURI,False
missing value,ws,ENA_accession_number_sample,13,,,,/github/workspace/logsheets/filtered/water_sampling.csv,XSDAnyURI,False
missing value,ws,ENA_accession_number_sample,14,,,,/github/workspace/logsheets/filtered/water_sampling.csv,XSDAnyURI,False
missing value,ws,ENA_accession_number_sample,19,,,,/github/workspace/logsheets/filtered/water_sampling.csv,XSDAnyURI,False
missing value,ws,ENA_accession_number_sample,20,,,,/github/workspace/logsheets/filtered/water_sampling.csv,XSDAnyURI,False
missing value,ws,ENA_accession_number_sample,21,,,,/github/workspace/logsheets/filtered/water_sampling.csv,XSDAnyURI,False
missing value,ws,ENA_accession_number_sample,22,,,,/github/workspace/logsheets/filtered/water_sampling.csv,XSDAnyURI,False
missing value,ws,ENA_accession_number_sample,23,,,,/github/workspace/logsheets/filtered/water_sampling.csv,XSDAnyURI,False
missing value,ws,ENA_accession_number_sample,24,,,,/github/workspace/logsheets/filtered/water_sampling.csv,XSDAnyURI,False
missing value,ws,ENA_accession_number_sample,31,,,,/github/workspace/logsheets/filtered/water_sampling.csv,XSDAnyURI,False
missing value,ws,ENA_accession_number_sample,32,,,,/github/workspace/logsheets/filtered/water_sampling.csv,XSDAnyURI,False
missing value,ws,ENA_accession_number_sample,33,,,,/github/workspace/logsheets/filtered/water_sampling.csv,XSDAnyURI,False
missing value,ws,ENA_accession_number_sample,34,,,,/github/workspace/logsheets/filtered/water_sampling.csv,XSDAnyURI,False
datatype mismatch,ws,arr_date_hq,1,2022-10-11 00:00:00,2022-10-11,,/github/workspace/logsheets/filtered/water_sampling.csv,XSDDate,False
datatype mismatch,ws,arr_date_hq,2,2022-10-11 00:00:00,2022-10-11,,/github/workspace/logsheets/filtered/water_sampling.csv,XSDDate,False
datatype mismatch,ws,arr_date_hq,3,2022-10-11 00:00:00,2022-10-11,,/github/workspace/logsheets/filtered/water_sampling.csv,XSDDate,False
datatype mismatch,ws,arr_date_hq,4,2022-10-11 00:00:00,2022-10-11,,/github/workspace/logsheets/filtered/water_sampling.csv,XSDDate,False
datatype mismatch,ws,arr_date_hq,11,2022-10-11 00:00:00,2022-10-11,,/github/workspace/logsheets/filtered/water_sampling.csv,XSDDate,False
datatype mismatch,ws,arr_date_hq,12,2022-10-11 00:00:00,2022-10-11,,/github/workspace/logsheets/filtered/water_sampling.csv,XSDDate,False
datatype mismatch,ws,arr_date_hq,13,2022-10-11 00:00:00,2022-10-11,,/github/workspace/logsheets/filtered/water_sampling.csv,XSDDate,False
datatype mismatch,ws,arr_date_hq,14,2022-10-11 00:00:00,2022-10-11,,/github/workspace/logsheets/filtered/water_sampling.csv,XSDDate,False
datatype mismatch,ws,arr_date_hq,19,2022-10-11 00:00:00,2022-10-11,,/github/workspace/logsheets/filtered/water_sampling.csv,XSDDate,False
datatype mismatch,ws,arr_date_hq,20,2022-10-11 00:00:00,2022-10-11,,/github/workspace/logsheets/filtered/water_sampling.csv,XSDDate,False
datatype mismatch,ws,arr_date_hq,21,2022-10-11 00:00:00,2022-10-11,,/github/workspace/logsheets/filtered/water_sampling.csv,XSDDate,False
datatype mismatch,ws,arr_date_hq,22,2022-10-11 00:00:00,2022-10-11,,/github/workspace/logsheets/filtered/water_sampling.csv,XSDDate,False
datatype mismatch,ws,arr_date_hq,23,2022-10-11 00:00:00,2022-10-11,,/github/workspace/logsheets/filtered/water_sampling.csv,XSDDate,False
datatype mismatch,ws,arr_date_hq,24,2022-10-11 00:00:00,2022-10-11,,/github/workspace/logsheets/filtered/water_sampling.csv,XSDDate,False
datatype mismatch,ws,arr_date_hq,31,2023-06-14 00:00:00,2023-06-14,,/github/workspace/logsheets/filtered/water_sampling.csv,XSDDate,False
datatype mismatch,ws,arr_date_hq,32,2023-06-14 00:00:00,2023-06-14,,/github/workspace/logsheets/filtered/water_sampling.csv,XSDDate,False
datatype mismatch,ws,arr_date_hq,33,2023-06-14 00:00:00,2023-06-14,,/github/workspace/logsheets/filtered/water_sampling.csv,XSDDate,False
datatype mismatch,ws,arr_date_hq,34,2023-06-14 00:00:00,2023-06-14,,/github/workspace/logsheets/filtered/water_sampling.csv,XSDDate,False
datatype mismatch,ws,arr_date_seq,1,2023-06-01 00:00:00,2023-06-01,,/github/workspace/logsheets/filtered/water_sampling.csv,XSDDate,False
datatype mismatch,ws,arr_date_seq,2,2023-06-01 00:00:00,2023-06-01,,/github/workspace/logsheets/filtered/water_sampling.csv,XSDDate,False
datatype mismatch,ws,arr_date_seq,3,2023-06-01 00:00:00,2023-06-01,,/github/workspace/logsheets/filtered/water_sampling.csv,XSDDate,False
datatype mismatch,ws,arr_date_seq,4,2023-06-01 00:00:00,2023-06-01,,/github/workspace/logsheets/filtered/water_sampling.csv,XSDDate,False
datatype mismatch,ws,arr_date_seq,11,2023-06-01 00:00:00,2023-06-01,,/github/workspace/logsheets/filtered/water_sampling.csv,XSDDate,False
datatype mismatch,ws,arr_date_seq,12,2023-06-01 00:00:00,2023-06-01,,/github/workspace/logsheets/filtered/water_sampling.csv,XSDDate,False
datatype mismatch,ws,arr_date_seq,13,2023-06-01 00:00:00,2023-06-01,,/github/workspace/logsheets/filtered/water_sampling.csv,XSDDate,False
datatype mismatch,ws,arr_date_seq,14,2023-06-01 00:00:00,2023-06-01,,/github/workspace/logsheets/filtered/water_sampling.csv,XSDDate,False
datatype mismatch,ws,arr_date_seq,19,2023-06-01 00:00:00,2023-06-01,,/github/workspace/logsheets/filtered/water_sampling.csv,XSDDate,False
datatype mismatch,ws,arr_date_seq,20,2023-06-01 00:00:00,2023-06-01,,/github/workspace/logsheets/filtered/water_sampling.csv,XSDDate,False
datatype mismatch,ws,arr_date_seq,21,2023-06-01 00:00:00,2023-06-01,,/github/workspace/logsheets/filtered/water_sampling.csv,XSDDate,False
datatype mismatch,ws,arr_date_seq,22,2023-06-01 00:00:00,2023-06-01,,/github/workspace/logsheets/filtered/water_sampling.csv,XSDDate,False
datatype mismatch,ws,arr_date_seq,23,2023-06-01 00:00:00,2023-06-01,,/github/workspace/logsheets/filtered/water_sampling.csv,XSDDate,False
datatype mismatch,ws,arr_date_seq,24,2023-06-01 00:00:00,2023-06-01,,/github/workspace/logsheets/filtered/water_sampling.csv,XSDDate,False
missing value,ws,arr_date_seq,31,,,,/github/workspace/logsheets/filtered/water_sampling.csv,XSDDate,False
missing value,ws,arr_date_seq,32,,,,/github/workspace/logsheets/filtered/water_sampling.csv,XSDDate,False
missing value,ws,arr_date_seq,33,,,,/github/workspace/logsheets/filtered/water_sampling.csv,XSDDate,False
missing value,ws,arr_date_seq,34,,,,/github/workspace/logsheets/filtered/water_sampling.csv,XSDDate,False
datatype mismatch,ws,collection_date,1,2022-04-26 00:00:00,2022-04-26,,/github/workspace/logsheets/filtered/water_sampling.csv,XSDDate,False
datatype mismatch,ws,collection_date,2,2022-04-26 00:00:00,2022-04-26,,/github/workspace/logsheets/filtered/water_sampling.csv,XSDDate,False
datatype mismatch,ws,collection_date,3,2022-04-26 00:00:00,2022-04-26,,/github/workspace/logsheets/filtered/water_sampling.csv,XSDDate,False
datatype mismatch,ws,collection_date,4,2022-04-26 00:00:00,2022-04-26,,/github/workspace/logsheets/filtered/water_sampling.csv,XSDDate,False
datatype mismatch,ws,collection_date,5,2022-04-26 00:00:00,2022-04-26,,/github/workspace/logsheets/filtered/water_sampling.csv,XSDDate,False
datatype mismatch,ws,collection_date,6,2022-04-26 00:00:00,2022-04-26,,/github/workspace/logsheets/filtered/water_sampling.csv,XSDDate,False
datatype mismatch,ws,collection_date,7,2022-04-26 00:00:00,2022-04-26,,/github/workspace/logsheets/filtered/water_sampling.csv,XSDDate,False
datatype mismatch,ws,collection_date,8,2022-04-26 00:00:00,2022-04-26,,/github/workspace/logsheets/filtered/water_sampling.csv,XSDDate,False
datatype mismatch,ws,collection_date,9,2022-04-26 00:00:00,2022-04-26,,/github/workspace/logsheets/filtered/water_sampling.csv,XSDDate,False
datatype mismatch,ws,collection_date,10,2022-04-26 00:00:00,2022-04-26,,/github/workspace/logsheets/filtered/water_sampling.csv,XSDDate,False
datatype mismatch,ws,collection_date,11,2022-06-30 00:00:00,2022-06-30,,/github/workspace/logsheets/filtered/water_sampling.csv,XSDDate,False
datatype mismatch,ws,collection_date,12,2022-06-30 00:00:00,2022-06-30,,/github/workspace/logsheets/filtered/water_sampling.csv,XSDDate,False
datatype mismatch,ws,collection_date,13,2022-06-30 00:00:00,2022-06-30,,/github/workspace/logsheets/filtered/water_sampling.csv,XSDDate,False
datatype mismatch,ws,collection_date,14,2022-06-30 00:00:00,2022-06-30,,/github/workspace/logsheets/filtered/water_sampling.csv,XSDDate,False
datatype mismatch,ws,collection_date,15,2022-06-30 00:00:00,2022-06-30,,/github/workspace/logsheets/filtered/water_sampling.csv,XSDDate,False
datatype mismatch,ws,collection_date,16,2022-06-30 00:00:00,2022-06-30,,/github/workspace/logsheets/filtered/water_sampling.csv,XSDDate,False
datatype mismatch,ws,collection_date,17,2022-06-30 00:00:00,2022-06-30,,/github/workspace/logsheets/filtered/water_sampling.csv,XSDDate,False
datatype mismatch,ws,collection_date,18,2022-06-30 00:00:00,2022-06-30,,/github/workspace/logsheets/filtered/water_sampling.csv,XSDDate,False
datatype mismatch,ws,collection_date,19,2022-06-30 00:00:00,2022-06-30,,/github/workspace/logsheets/filtered/water_sampling.csv,XSDDate,False
datatype mismatch,ws,collection_date,20,2022-06-30 00:00:00,2022-06-30,,/github/workspace/logsheets/filtered/water_sampling.csv,XSDDate,False
datatype mismatch,ws,collection_date,21,2022-08-31 00:00:00,2022-08-31,,/github/workspace/logsheets/filtered/water_sampling.csv,XSDDate,False
datatype mismatch,ws,collection_date,22,2022-08-31 00:00:00,2022-08-31,,/github/workspace/logsheets/filtered/water_sampling.csv,XSDDate,False
datatype mismatch,ws,collection_date,23,2022-08-31 00:00:00,2022-08-31,,/github/workspace/logsheets/filtered/water_sampling.csv,XSDDate,False
datatype mismatch,ws,collection_date,24,2022-08-31 00:00:00,2022-08-31,,/github/workspace/logsheets/filtered/water_sampling.csv,XSDDate,False
datatype mismatch,ws,collection_date,25,2022-08-31 00:00:00,2022-08-31,,/github/workspace/logsheets/filtered/water_sampling.csv,XSDDate,False
datatype mismatch,ws,collection_date,26,2022-08-31 00:00:00,2022-08-31,,/github/workspace/logsheets/filtered/water_sampling.csv,XSDDate,False
datatype mismatch,ws,collection_date,27,2022-08-31 00:00:00,2022-08-31,,/github/workspace/logsheets/filtered/water_sampling.csv,XSDDate,False
datatype mismatch,ws,collection_date,28,2022-08-31 00:00:00,2022-08-31,,/github/workspace/logsheets/filtered/water_sampling.csv,XSDDate,False
datatype mismatch,ws,collection_date,29,2022-08-31 00:00:00,2022-08-31,,/github/workspace/logsheets/filtered/water_sampling.csv,XSDDate,False
datatype mismatch,ws,collection_date,30,2022-08-31 00:00:00,2022-08-31,,/github/workspace/logsheets/filtered/water_sampling.csv,XSDDate,False
datatype mismatch,ws,collection_date,31,2022-10-25 00:00:00,2022-10-25,,/github/workspace/logsheets/filtered/water_sampling.csv,XSDDate,False
datatype mismatch,ws,collection_date,32,2022-10-25 00:00:00,2022-10-25,,/github/workspace/logsheets/filtered/water_sampling.csv,XSDDate,False
datatype mismatch,ws,collection_date,33,2022-10-25 00:00:00,2022-10-25,,/github/workspace/logsheets/filtered/water_sampling.csv,XSDDate,False
datatype mismatch,ws,collection_date,34,2022-10-25 00:00:00,2022-10-25,,/github/workspace/logsheets/filtered/water_sampling.csv,XSDDate,False
datatype mismatch,ws,collection_date,35,2022-10-25 00:00:00,2022-10-25,,/github/workspace/logsheets/filtered/water_sampling.csv,XSDDate,False
datatype mismatch,ws,collection_date,36,2022-10-25 00:00:00,2022-10-25,,/github/workspace/logsheets/filtered/water_sampling.csv,XSDDate,False
datatype mismatch,ws,collection_date,37,2022-10-25 00:00:00,2022-10-25,,/github/workspace/logsheets/filtered/water_sampling.csv,XSDDate,False
datatype mismatch,ws,collection_date,38,2022-10-25 00:00:00,2022-10-25,,/github/workspace/logsheets/filtered/water_sampling.csv,XSDDate,False
datatype mismatch,ws,collection_date,39,2022-10-25 00:00:00,2022-10-25,,/github/workspace/logsheets/filtered/water_sampling.csv,XSDDate,False
datatype mismatch,ws,collection_date,40,2022-10-25 00:00:00,2022-10-25,,/github/workspace/logsheets/filtered/water_sampling.csv,XSDDate,False
datatype mismatch,ws,long_store,1,N,false,,/github/workspace/logsheets/filtered/water_sampling.csv,XSDBoolean,False
datatype mismatch,ws,long_store,2,N,false,,/github/workspace/logsheets/filtered/water_sampling.csv,XSDBoolean,False
datatype mismatch,ws,long_store,3,N,false,,/github/workspace/logsheets/filtered/water_sampling.csv,XSDBoolean,False
datatype mismatch,ws,long_store,4,N,false,,/github/workspace/logsheets/filtered/water_sampling.csv,XSDBoolean,False
datatype mismatch,ws,long_store,5,Y,true,,/github/workspace/logsheets/filtered/water_sampling.csv,XSDBoolean,False
datatype mismatch,ws,long_store,6,Y,true,,/github/workspace/logsheets/filtered/water_sampling.csv,XSDBoolean,False
datatype mismatch,ws,long_store,7,Y,true,,/github/workspace/logsheets/filtered/water_sampling.csv,XSDBoolean,False
datatype mismatch,ws,long_store,8,Y,true,,/github/workspace/logsheets/filtered/water_sampling.csv,XSDBoolean,False
datatype mismatch,ws,long_store,9,Y,true,,/github/workspace/logsheets/filtered/water_sampling.csv,XSDBoolean,False
datatype mismatch,ws,long_store,10,Y,true,,/github/workspace/logsheets/filtered/water_sampling.csv,XSDBoolean,False
datatype mismatch,ws,long_store,11,N,false,,/github/workspace/logsheets/filtered/water_sampling.csv,XSDBoolean,False
datatype mismatch,ws,long_store,12,N,false,,/github/workspace/logsheets/filtered/water_sampling.csv,XSDBoolean,False
datatype mismatch,ws,long_store,13,N,false,,/github/workspace/logsheets/filtered/water_sampling.csv,XSDBoolean,False
datatype mismatch,ws,long_store,14,N,false,,/github/workspace/logsheets/filtered/water_sampling.csv,XSDBoolean,False
datatype mismatch,ws,long_store,15,Y,true,,/github/workspace/logsheets/filtered/water_sampling.csv,XSDBoolean,False
datatype mismatch,ws,long_store,16,Y,true,,/github/workspace/logsheets/filtered/water_sampling.csv,XSDBoolean,False
datatype mismatch,ws,long_store,17,Y,true,,/github/workspace/logsheets/filtered/water_sampling.csv,XSDBoolean,False
datatype mismatch,ws,long_store,18,Y,true,,/github/workspace/logsheets/filtered/water_sampling.csv,XSDBoolean,False
datatype mismatch,ws,long_store,19,N,false,,/github/workspace/logsheets/filtered/water_sampling.csv,XSDBoolean,False
datatype mismatch,ws,long_store,20,N,false,,/github/workspace/logsheets/filtered/water_sampling.csv,XSDBoolean,False
datatype mismatch,ws,long_store,21,N,false,,/github/workspace/logsheets/filtered/water_sampling.csv,XSDBoolean,False
datatype mismatch,ws,long_store,22,N,false,,/github/workspace/logsheets/filtered/water_sampling.csv,XSDBoolean,False
datatype mismatch,ws,long_store,23,N,false,,/github/workspace/logsheets/filtered/water_sampling.csv,XSDBoolean,False
datatype mismatch,ws,long_store,24,N,false,,/github/workspace/logsheets/filtered/water_sampling.csv,XSDBoolean,False
datatype mismatch,ws,long_store,25,Y,true,,/github/workspace/logsheets/filtered/water_sampling.csv,XSDBoolean,False
datatype mismatch,ws,long_store,26,Y,true,,/github/workspace/logsheets/filtered/water_sampling.csv,XSDBoolean,False
datatype mismatch,ws,long_store,27,Y,true,,/github/workspace/logsheets/filtered/water_sampling.csv,XSDBoolean,False
datatype mismatch,ws,long_store,28,Y,true,,/github/workspace/logsheets/filtered/water_sampling.csv,XSDBoolean,False
datatype mismatch,ws,long_store,29,Y,true,,/github/workspace/logsheets/filtered/water_sampling.csv,XSDBoolean,False
datatype mismatch,ws,long_store,30,Y,true,,/github/workspace/logsheets/filtered/water_sampling.csv,XSDBoolean,False
datatype mismatch,ws,long_store,31,N,false,,/github/workspace/logsheets/filtered/water_sampling.csv,XSDBoolean,False
datatype mismatch,ws,long_store,32,N,false,,/github/workspace/logsheets/filtered/water_sampling.csv,XSDBoolean,False
datatype mismatch,ws,long_store,33,N,false,,/github/workspace/logsheets/filtered/water_sampling.csv,XSDBoolean,False
datatype mismatch,ws,long_store,34,N,false,,/github/workspace/logsheets/filtered/water_sampling.csv,XSDBoolean,False
datatype mismatch,ws,long_store,35,Y,true,,/github/workspace/logsheets/filtered/water_sampling.csv,XSDBoolean,False
datatype mismatch,ws,long_store,36,Y,true,,/github/workspace/logsheets/filtered/water_sampling.csv,XSDBoolean,False
datatype mismatch,ws,long_store,37,Y,true,,/github/workspace/logsheets/filtered/water_sampling.csv,XSDBoolean,False
datatype mismatch,ws,long_store,38,Y,true,,/github/workspace/logsheets/filtered/water_sampling.csv,XSDBoolean,False
datatype mismatch,ws,long_store,39,Y,true,,/github/workspace/logsheets/filtered/water_sampling.csv,XSDBoolean,False
datatype mismatch,ws,long_store,40,Y,true,,/github/workspace/logsheets/filtered/water_sampling.csv,XSDBoolean,False
datatype mismatch,ws,membr_cut,1,Y,true,,/github/workspace/logsheets/filtered/water_sampling.csv,XSDBoolean,False
datatype mismatch,ws,membr_cut,2,Y,true,,/github/workspace/logsheets/filtered/water_sampling.csv,XSDBoolean,False
datatype mismatch,ws,membr_cut,3,Y,true,,/github/workspace/logsheets/filtered/water_sampling.csv,XSDBoolean,False
datatype mismatch,ws,membr_cut,4,Y,true,,/github/workspace/logsheets/filtered/water_sampling.csv,XSDBoolean,False
datatype mismatch,ws,membr_cut,5,Y,true,,/github/workspace/logsheets/filtered/water_sampling.csv,XSDBoolean,False
datatype mismatch,ws,membr_cut,6,Y,true,,/github/workspace/logsheets/filtered/water_sampling.csv,XSDBoolean,False
datatype mismatch,ws,membr_cut,7,Y,true,,/github/workspace/logsheets/filtered/water_sampling.csv,XSDBoolean,False
datatype mismatch,ws,membr_cut,8,Y,true,,/github/workspace/logsheets/filtered/water_sampling.csv,XSDBoolean,False
datatype mismatch,ws,membr_cut,9,Y,true,,/github/workspace/logsheets/filtered/water_sampling.csv,XSDBoolean,False
datatype mismatch,ws,membr_cut,10,Y,true,,/github/workspace/logsheets/filtered/water_sampling.csv,XSDBoolean,False
datatype mismatch,ws,membr_cut,11,Y,true,,/github/workspace/logsheets/filtered/water_sampling.csv,XSDBoolean,False
datatype mismatch,ws,membr_cut,12,Y,true,,/github/workspace/logsheets/filtered/water_sampling.csv,XSDBoolean,False
datatype mismatch,ws,membr_cut,13,Y,true,,/github/workspace/logsheets/filtered/water_sampling.csv,XSDBoolean,False
datatype mismatch,ws,membr_cut,14,Y,true,,/github/workspace/logsheets/filtered/water_sampling.csv,XSDBoolean,False
datatype mismatch,ws,membr_cut,15,Y,true,,/github/workspace/logsheets/filtered/water_sampling.csv,XSDBoolean,False
datatype mismatch,ws,membr_cut,16,Y,true,,/github/workspace/logsheets/filtered/water_sampling.csv,XSDBoolean,False
datatype mismatch,ws,membr_cut,17,Y,true,,/github/workspace/logsheets/filtered/water_sampling.csv,XSDBoolean,False
datatype mismatch,ws,membr_cut,18,Y,true,,/github/workspace/logsheets/filtered/water_sampling.csv,XSDBoolean,False
datatype mismatch,ws,membr_cut,19,Y,true,,/github/workspace/logsheets/filtered/water_sampling.csv,XSDBoolean,False
datatype mismatch,ws,membr_cut,20,Y,true,,/github/workspace/logsheets/filtered/water_sampling.csv,XSDBoolean,False
datatype mismatch,ws,membr_cut,21,Y,true,,/github/workspace/logsheets/filtered/water_sampling.csv,XSDBoolean,False
datatype mismatch,ws,membr_cut,22,Y,true,,/github/workspace/logsheets/filtered/water_sampling.csv,XSDBoolean,False
datatype mismatch,ws,membr_cut,23,Y,true,,/github/workspace/logsheets/filtered/water_sampling.csv,XSDBoolean,False
datatype mismatch,ws,membr_cut,24,Y,true,,/github/workspace/logsheets/filtered/water_sampling.csv,XSDBoolean,False
datatype mismatch,ws,membr_cut,25,Y,true,,/github/workspace/logsheets/filtered/water_sampling.csv,XSDBoolean,False
datatype mismatch,ws,membr_cut,26,Y,true,,/github/workspace/logsheets/filtered/water_sampling.csv,XSDBoolean,False
datatype mismatch,ws,membr_cut,27,Y,true,,/github/workspace/logsheets/filtered/water_sampling.csv,XSDBoolean,False
datatype mismatch,ws,membr_cut,28,Y,true,,/github/workspace/logsheets/filtered/water_sampling.csv,XSDBoolean,False
datatype mismatch,ws,membr_cut,29,Y,true,,/github/workspace/logsheets/filtered/water_sampling.csv,XSDBoolean,False
datatype mismatch,ws,membr_cut,30,Y,true,,/github/workspace/logsheets/filtered/water_sampling.csv,XSDBoolean,False
datatype mismatch,ws,membr_cut,31,Y,true,,/github/workspace/logsheets/filtered/water_sampling.csv,XSDBoolean,False
datatype mismatch,ws,membr_cut,32,Y,true,,/github/workspace/logsheets/filtered/water_sampling.csv,XSDBoolean,False
datatype mismatch,ws,membr_cut,33,Y,true,,/github/workspace/logsheets/filtered/water_sampling.csv,XSDBoolean,False
datatype mismatch,ws,membr_cut,34,Y,true,,/github/workspace/logsheets/filtered/water_sampling.csv,XSDBoolean,False
datatype mismatch,ws,membr_cut,35,Y,true,,/github/workspace/logsheets/filtered/water_sampling.csv,XSDBoolean,False
datatype mismatch,ws,membr_cut,36,Y,true,,/github/workspace/logsheets/filtered/water_sampling.csv,XSDBoolean,False
datatype mismatch,ws,membr_cut,37,Y,true,,/github/workspace/logsheets/filtered/water_sampling.csv,XSDBoolean,False
datatype mismatch,ws,membr_cut,38,Y,true,,/github/workspace/logsheets/filtered/water_sampling.csv,XSDBoolean,False
datatype mismatch,ws,membr_cut,39,Y,true,,/github/workspace/logsheets/filtered/water_sampling.csv,XSDBoolean,False
datatype mismatch,ws,membr_cut,40,Y,true,,/github/workspace/logsheets/filtered/water_sampling.csv,XSDBoolean,False
datatype mismatch,ws,ship_date,1,2022-10-10 00:00:00,2022-10-10,,/github/workspace/logsheets/filtered/water_sampling.csv,XSDDate,False
datatype mismatch,ws,ship_date,2,2022-10-10 00:00:00,2022-10-10,,/github/workspace/logsheets/filtered/water_sampling.csv,XSDDate,False
datatype mismatch,ws,ship_date,3,2022-10-10 00:00:00,2022-10-10,,/github/workspace/logsheets/filtered/water_sampling.csv,XSDDate,False
datatype mismatch,ws,ship_date,4,2022-10-10 00:00:00,2022-10-10,,/github/workspace/logsheets/filtered/water_sampling.csv,XSDDate,False
datatype mismatch,ws,ship_date,11,2022-10-10 00:00:00,2022-10-10,,/github/workspace/logsheets/filtered/water_sampling.csv,XSDDate,False
datatype mismatch,ws,ship_date,12,2022-10-10 00:00:00,2022-10-10,,/github/workspace/logsheets/filtered/water_sampling.csv,XSDDate,False
datatype mismatch,ws,ship_date,13,2022-10-10 00:00:00,2022-10-10,,/github/workspace/logsheets/filtered/water_sampling.csv,XSDDate,False
datatype mismatch,ws,ship_date,14,2022-10-10 00:00:00,2022-10-10,,/github/workspace/logsheets/filtered/water_sampling.csv,XSDDate,False
datatype mismatch,ws,ship_date,19,2022-10-10 00:00:00,2022-10-10,,/github/workspace/logsheets/filtered/water_sampling.csv,XSDDate,False
datatype mismatch,ws,ship_date,20,2022-10-10 00:00:00,2022-10-10,,/github/workspace/logsheets/filtered/water_sampling.csv,XSDDate,False
datatype mismatch,ws,ship_date,21,2022-10-10 00:00:00,2022-10-10,,/github/workspace/logsheets/filtered/water_sampling.csv,XSDDate,False
datatype mismatch,ws,ship_date,22,2022-10-10 00:00:00,2022-10-10,,/github/workspace/logsheets/filtered/water_sampling.csv,XSDDate,False
datatype mismatch,ws,ship_date,23,2022-10-10 00:00:00,2022-10-10,,/github/workspace/logsheets/filtered/water_sampling.csv,XSDDate,False
datatype mismatch,ws,ship_date,24,2022-10-10 00:00:00,2022-10-10,,/github/workspace/logsheets/filtered/water_sampling.csv,XSDDate,False
datatype mismatch,ws,ship_date,31,2023-06-12 00:00:00,2023-06-12,,/github/workspace/logsheets/filtered/water_sampling.csv,XSDDate,False
datatype mismatch,ws,ship_date,32,2023-06-12 00:00:00,2023-06-12,,/github/workspace/logsheets/filtered/water_sampling.csv,XSDDate,False
datatype mismatch,ws,ship_date,33,2023-06-12 00:00:00,2023-06-12,,/github/workspace/logsheets/filtered/water_sampling.csv,XSDDate,False
datatype mismatch,ws,ship_date,34,2023-06-12 00:00:00,2023-06-12,,/github/workspace/logsheets/filtered/water_sampling.csv,XSDDate,False
datatype mismatch,ws,ship_date_seq,1,2023-06-01 00:00:00,2023-06-01,,/github/workspace/logsheets/filtered/water_sampling.csv,XSDDate,False
datatype mismatch,ws,ship_date_seq,2,2023-06-01 00:00:00,2023-06-01,,/github/workspace/logsheets/filtered/water_sampling.csv,XSDDate,False
datatype mismatch,ws,ship_date_seq,3,2023-06-01 00:00:00,2023-06-01,,/github/workspace/logsheets/filtered/water_sampling.csv,XSDDate,False
datatype mismatch,ws,ship_date_seq,4,2023-06-01 00:00:00,2023-06-01,,/github/workspace/logsheets/filtered/water_sampling.csv,XSDDate,False
datatype mismatch,ws,ship_date_seq,11,2023-06-01 00:00:00,2023-06-01,,/github/workspace/logsheets/filtered/water_sampling.csv,XSDDate,False
datatype mismatch,ws,ship_date_seq,12,2023-06-01 00:00:00,2023-06-01,,/github/workspace/logsheets/filtered/water_sampling.csv,XSDDate,False
datatype mismatch,ws,ship_date_seq,13,2023-06-01 00:00:00,2023-06-01,,/github/workspace/logsheets/filtered/water_sampling.csv,XSDDate,False
datatype mismatch,ws,ship_date_seq,14,2023-06-01 00:00:00,2023-06-01,,/github/workspace/logsheets/filtered/water_sampling.csv,XSDDate,False
datatype mismatch,ws,ship_date_seq,19,2023-06-01 00:00:00,2023-06-01,,/github/workspace/logsheets/filtered/water_sampling.csv,XSDDate,False
datatype mismatch,ws,ship_date_seq,20,2023-06-01 00:00:00,2023-06-01,,/github/workspace/logsheets/filtered/water_sampling.csv,XSDDate,False
datatype mismatch,ws,ship_date_seq,21,2023-06-01 00:00:00,2023-06-01,,/github/workspace/logsheets/filtered/water_sampling.csv,XSDDate,False
datatype mismatch,ws,ship_date_seq,22,2023-06-01 00:00:00,2023-06-01,,/github/workspace/logsheets/filtered/water_sampling.csv,XSDDate,False
datatype mismatch,ws,ship_date_seq,23,2023-06-01 00:00:00,2023-06-01,,/github/workspace/logsheets/filtered/water_sampling.csv,XSDDate,False
datatype mismatch,ws,ship_date_seq,24,2023-06-01 00:00:00,2023-06-01,,/github/workspace/logsheets/filtered/water_sampling.csv,XSDDate,False
missing value,ws,ship_date_seq,31,,,,/github/workspace/logsheets/filtered/water_sampling.csv,XSDDate,False
missing value,ws,ship_date_seq,32,,,,/github/workspace/logsheets/filtered/water_sampling.csv,XSDDate,False
missing value,ws,ship_date_seq,33,,,,/github/workspace/logsheets/filtered/water_sampling.csv,XSDDate,False
missing value,ws,ship_date_seq,34,,,,/github/workspace/logsheets/filtered/water_sampling.csv,XSDDate,False
datatype mismatch,ws,tax_id,1,1874687,https://www.ncbi.nlm.nih.gov/taxonomy/browser/wwwtax.cgi?id=1874687,,/github/workspace/logsheets/filtered/water_sampling.csv,XSDAnyURI,False
datatype mismatch,ws,tax_id,2,1874687,https://www.ncbi.nlm.nih.gov/taxonomy/browser/wwwtax.cgi?id=1874687,,/github/workspace/logsheets/filtered/water_sampling.csv,XSDAnyURI,False
datatype mismatch,ws,tax_id,3,1874687,https://www.ncbi.nlm.nih.gov/taxonomy/browser/wwwtax.cgi?id=1874687,,/github/workspace/logsheets/filtered/water_sampling.csv,XSDAnyURI,False
datatype mismatch,ws,tax_id,4,1874687,https://www.ncbi.nlm.nih.gov/taxonomy/browser/wwwtax.cgi?id=1874687,,/github/workspace/logsheets/filtered/water_sampling.csv,XSDAnyURI,False
datatype mismatch,ws,tax_id,5,1874687,https://www.ncbi.nlm.nih.gov/taxonomy/browser/wwwtax.cgi?id=1874687,,/github/workspace/logsheets/filtered/water_sampling.csv,XSDAnyURI,False
datatype mismatch,ws,tax_id,6,1874687,https://www.ncbi.nlm.nih.gov/taxonomy/browser/wwwtax.cgi?id=1874687,,/github/workspace/logsheets/filtered/water_sampling.csv,XSDAnyURI,False
datatype mismatch,ws,tax_id,7,1874687,https://www.ncbi.nlm.nih.gov/taxonomy/browser/wwwtax.cgi?id=1874687,,/github/workspace/logsheets/filtered/water_sampling.csv,XSDAnyURI,False
datatype mismatch,ws,tax_id,8,1874687,https://www.ncbi.nlm.nih.gov/taxonomy/browser/wwwtax.cgi?id=1874687,,/github/workspace/logsheets/filtered/water_sampling.csv,XSDAnyURI,False
datatype mismatch,ws,tax_id,9,256318,https://www.ncbi.nlm.nih.gov/taxonomy/browser/wwwtax.cgi?id=256318,,/github/workspace/logsheets/filtered/water_sampling.csv,XSDAnyURI,False
datatype mismatch,ws,tax_id,10,256318,https://www.ncbi.nlm.nih.gov/taxonomy/browser/wwwtax.cgi?id=256318,,/github/workspace/logsheets/filtered/water_sampling.csv,XSDAnyURI,False
datatype mismatch,ws,tax_id,11,1874687,https://www.ncbi.nlm.nih.gov/taxonomy/browser/wwwtax.cgi?id=1874687,,/github/workspace/logsheets/filtered/water_sampling.csv,XSDAnyURI,False
datatype mismatch,ws,tax_id,12,1874687,https://www.ncbi.nlm.nih.gov/taxonomy/browser/wwwtax.cgi?id=1874687,,/github/workspace/logsheets/filtered/water_sampling.csv,XSDAnyURI,False
datatype mismatch,ws,tax_id,13,1874687,https://www.ncbi.nlm.nih.gov/taxonomy/browser/wwwtax.cgi?id=1874687,,/github/workspace/logsheets/filtered/water_sampling.csv,XSDAnyURI,False
datatype mismatch,ws,tax_id,14,1874687,https://www.ncbi.nlm.nih.gov/taxonomy/browser/wwwtax.cgi?id=1874687,,/github/workspace/logsheets/filtered/water_sampling.csv,XSDAnyURI,False
datatype mismatch,ws,tax_id,15,1874687,https://www.ncbi.nlm.nih.gov/taxonomy/browser/wwwtax.cgi?id=1874687,,/github/workspace/logsheets/filtered/water_sampling.csv,XSDAnyURI,False
datatype mismatch,ws,tax_id,16,1874687,https://www.ncbi.nlm.nih.gov/taxonomy/browser/wwwtax.cgi?id=1874687,,/github/workspace/logsheets/filtered/water_sampling.csv,XSDAnyURI,False
datatype mismatch,ws,tax_id,17,1874687,https://www.ncbi.nlm.nih.gov/taxonomy/browser/wwwtax.cgi?id=1874687,,/github/workspace/logsheets/filtered/water_sampling.csv,XSDAnyURI,False
datatype mismatch,ws,tax_id,18,1874687,https://www.ncbi.nlm.nih.gov/taxonomy/browser/wwwtax.cgi?id=1874687,,/github/workspace/logsheets/filtered/water_sampling.csv,XSDAnyURI,False
datatype mismatch,ws,tax_id,19,256318,https://www.ncbi.nlm.nih.gov/taxonomy/browser/wwwtax.cgi?id=256318,,/github/workspace/logsheets/filtered/water_sampling.csv,XSDAnyURI,False
datatype mismatch,ws,tax_id,20,256318,https://www.ncbi.nlm.nih.gov/taxonomy/browser/wwwtax.cgi?id=256318,,/github/workspace/logsheets/filtered/water_sampling.csv,XSDAnyURI,False
datatype mismatch,ws,tax_id,21,1874687,https://www.ncbi.nlm.nih.gov/taxonomy/browser/wwwtax.cgi?id=1874687,,/github/workspace/logsheets/filtered/water_sampling.csv,XSDAnyURI,False
datatype mismatch,ws,tax_id,22,1874687,https://www.ncbi.nlm.nih.gov/taxonomy/browser/wwwtax.cgi?id=1874687,,/github/workspace/logsheets/filtered/water_sampling.csv,XSDAnyURI,False
datatype mismatch,ws,tax_id,23,1874687,https://www.ncbi.nlm.nih.gov/taxonomy/browser/wwwtax.cgi?id=1874687,,/github/workspace/logsheets/filtered/water_sampling.csv,XSDAnyURI,False
datatype mismatch,ws,tax_id,24,1874687,https://www.ncbi.nlm.nih.gov/taxonomy/browser/wwwtax.cgi?id=1874687,,/github/workspace/logsheets/filtered/water_sampling.csv,XSDAnyURI,False
datatype mismatch,ws,tax_id,25,1874687,https://www.ncbi.nlm.nih.gov/taxonomy/browser/wwwtax.cgi?id=1874687,,/github/workspace/logsheets/filtered/water_sampling.csv,XSDAnyURI,False
datatype mismatch,ws,tax_id,26,1874687,https://www.ncbi.nlm.nih.gov/taxonomy/browser/wwwtax.cgi?id=1874687,,/github/workspace/logsheets/filtered/water_sampling.csv,XSDAnyURI,False
datatype mismatch,ws,tax_id,27,1874687,https://www.ncbi.nlm.nih.gov/taxonomy/browser/wwwtax.cgi?id=1874687,,/github/workspace/logsheets/filtered/water_sampling.csv,XSDAnyURI,False
datatype mismatch,ws,tax_id,28,1874687,https://www.ncbi.nlm.nih.gov/taxonomy/browser/wwwtax.cgi?id=1874687,,/github/workspace/logsheets/filtered/water_sampling.csv,XSDAnyURI,False
datatype mismatch,ws,tax_id,29,256318,https://www.ncbi.nlm.nih.gov/taxonomy/browser/wwwtax.cgi?id=256318,,/github/workspace/logsheets/filtered/water_sampling.csv,XSDAnyURI,False
datatype mismatch,ws,tax_id,30,256318,https://www.ncbi.nlm.nih.gov/taxonomy/browser/wwwtax.cgi?id=256318,,/github/workspace/logsheets/filtered/water_sampling.csv,XSDAnyURI,False
datatype mismatch,ws,tax_id,31,1874687,https://www.ncbi.nlm.nih.gov/taxonomy/browser/wwwtax.cgi?id=1874687,,/github/workspace/logsheets/filtered/water_sampling.csv,XSDAnyURI,False
datatype mismatch,ws,tax_id,32,1874687,https://www.ncbi.nlm.nih.gov/taxonomy/browser/wwwtax.cgi?id=1874687,,/github/workspace/logsheets/filtered/water_sampling.csv,XSDAnyURI,False
datatype mismatch,ws,tax_id,33,1874687,https://www.ncbi.nlm.nih.gov/taxonomy/browser/wwwtax.cgi?id=1874687,,/github/workspace/logsheets/filtered/water_sampling.csv,XSDAnyURI,False
datatype mismatch,ws,tax_id,34,1874687,https://www.ncbi.nlm.nih.gov/taxonomy/browser/wwwtax.cgi?id=1874687,,/github/workspace/logsheets/filtered/water_sampling.csv,XSDAnyURI,False
datatype mismatch,ws,tax_id,35,1874687,https://www.ncbi.nlm.nih.gov/taxonomy/browser/wwwtax.cgi?id=1874687,,/github/workspace/logsheets/filtered/water_sampling.csv,XSDAnyURI,False
datatype mismatch,ws,tax_id,36,1874687,https://www.ncbi.nlm.nih.gov/taxonomy/browser/wwwtax.cgi?id=1874687,,/github/workspace/logsheets/filtered/water_sampling.csv,XSDAnyURI,False
datatype mismatch,ws,tax_id,37,1874687,https://www.ncbi.nlm.nih.gov/taxonomy/browser/wwwtax.cgi?id=1874687,,/github/workspace/logsheets/filtered/water_sampling.csv,XSDAnyURI,False
datatype mismatch,ws,tax_id,38,1874687,https://www.ncbi.nlm.nih.gov/taxonomy/browser/wwwtax.cgi?id=1874687,,/github/workspace/logsheets/filtered/water_sampling.csv,XSDAnyURI,False
datatype mismatch,ws,tax_id,39,256318,https://www.ncbi.nlm.nih.gov/taxonomy/browser/wwwtax.cgi?id=256318,,/github/workspace/logsheets/filtered/water_sampling.csv,XSDAnyURI,False
datatype mismatch,ws,tax_id,40,256318,https://www.ncbi.nlm.nih.gov/taxonomy/browser/wwwtax.cgi?id=256318,,/github/workspace/logsheets/filtered/water_sampling.csv,XSDAnyURI,False
missing value,ws,failure,1,,,,/github/workspace/logsheets/filtered/water_sampling.csv,XSDBoolean,False
missing value,ws,failure,2,,,,/github/workspace/logsheets/filtered/water_sampling.csv,XSDBoolean,False
missing value,ws,failure,3,,,,/github/workspace/logsheets/filtered/water_sampling.csv,XSDBoolean,False
missing value,ws,failure,4,,,,/github/workspace/logsheets/filtered/water_sampling.csv,XSDBoolean,False
missing value,ws,failure,11,,,,/github/workspace/logsheets/filtered/water_sampling.csv,XSDBoolean,False
missing value,ws,failure,12,,,,/github/workspace/logsheets/filtered/water_sampling.csv,XSDBoolean,False
missing value,ws,failure,13,,,,/github/workspace/logsheets/filtered/water_sampling.csv,XSDBoolean,False
missing value,ws,failure,14,,,,/github/workspace/logsheets/filtered/water_sampling.csv,XSDBoolean,False
missing value,ws,failure,19,,,,/github/workspace/logsheets/filtered/water_sampling.csv,XSDBoolean,False
missing value,ws,failure,20,,,,/github/workspace/logsheets/filtered/water_sampling.csv,XSDBoolean,False
missing value,ws,failure,21,,,,/github/workspace/logsheets/filtered/water_sampling.csv,XSDBoolean,False
missing value,ws,failure,22,,,,/github/workspace/logsheets/filtered/water_sampling.csv,XSDBoolean,False
missing value,ws,failure,23,,,,/github/workspace/logsheets/filtered/water_sampling.csv,XSDBoolean,False
missing value,ws,failure,24,,,,/github/workspace/logsheets/filtered/water_sampling.csv,XSDBoolean,False
missing value,ws,failure,31,,,,/github/workspace/logsheets/filtered/water_sampling.csv,XSDBoolean,False
missing value,ws,failure,32,,,,/github/workspace/logsheets/filtered/water_sampling.csv,XSDBoolean,False
missing value,ws,failure,33,,,,/github/workspace/logsheets/filtered/water_sampling.csv,XSDBoolean,False
missing value,ws,failure,34,,,,/github/workspace/logsheets/filtered/water_sampling.csv,XSDBoolean,False
datatype mismatch,ws,samp_store_date,1,2022-04-26 00:00:00,2022-04-26,,/github/workspace/logsheets/filtered/water_sampling.csv,XSDDate,False
datatype mismatch,ws,samp_store_date,2,2022-04-26 00:00:00,2022-04-26,,/github/workspace/logsheets/filtered/water_sampling.csv,XSDDate,False
datatype mismatch,ws,samp_store_date,3,2022-04-26 00:00:00,2022-04-26,,/github/workspace/logsheets/filtered/water_sampling.csv,XSDDate,False
datatype mismatch,ws,samp_store_date,4,2022-04-26 00:00:00,2022-04-26,,/github/workspace/logsheets/filtered/water_sampling.csv,XSDDate,False
datatype mismatch,ws,samp_store_date,5,2022-04-26 00:00:00,2022-04-26,,/github/workspace/logsheets/filtered/water_sampling.csv,XSDDate,False
datatype mismatch,ws,samp_store_date,6,2022-04-26 00:00:00,2022-04-26,,/github/workspace/logsheets/filtered/water_sampling.csv,XSDDate,False
datatype mismatch,ws,samp_store_date,7,2022-04-26 00:00:00,2022-04-26,,/github/workspace/logsheets/filtered/water_sampling.csv,XSDDate,False
datatype mismatch,ws,samp_store_date,8,2022-04-26 00:00:00,2022-04-26,,/github/workspace/logsheets/filtered/water_sampling.csv,XSDDate,False
datatype mismatch,ws,samp_store_date,9,2022-04-26 00:00:00,2022-04-26,,/github/workspace/logsheets/filtered/water_sampling.csv,XSDDate,False
datatype mismatch,ws,samp_store_date,10,2022-04-26 00:00:00,2022-04-26,,/github/workspace/logsheets/filtered/water_sampling.csv,XSDDate,False
datatype mismatch,ws,samp_store_date,11,2022-06-30 00:00:00,2022-06-30,,/github/workspace/logsheets/filtered/water_sampling.csv,XSDDate,False
datatype mismatch,ws,samp_store_date,12,2022-06-30 00:00:00,2022-06-30,,/github/workspace/logsheets/filtered/water_sampling.csv,XSDDate,False
datatype mismatch,ws,samp_store_date,13,2022-06-30 00:00:00,2022-06-30,,/github/workspace/logsheets/filtered/water_sampling.csv,XSDDate,False
datatype mismatch,ws,samp_store_date,14,2022-06-30 00:00:00,2022-06-30,,/github/workspace/logsheets/filtered/water_sampling.csv,XSDDate,False
datatype mismatch,ws,samp_store_date,15,2022-06-30 00:00:00,2022-06-30,,/github/workspace/logsheets/filtered/water_sampling.csv,XSDDate,False
datatype mismatch,ws,samp_store_date,16,2022-06-30 00:00:00,2022-06-30,,/github/workspace/logsheets/filtered/water_sampling.csv,XSDDate,False
datatype mismatch,ws,samp_store_date,17,2022-06-30 00:00:00,2022-06-30,,/github/workspace/logsheets/filtered/water_sampling.csv,XSDDate,False
datatype mismatch,ws,samp_store_date,18,2022-06-30 00:00:00,2022-06-30,,/github/workspace/logsheets/filtered/water_sampling.csv,XSDDate,False
datatype mismatch,ws,samp_store_date,19,2022-06-30 00:00:00,2022-06-30,,/github/workspace/logsheets/filtered/water_sampling.csv,XSDDate,False
datatype mismatch,ws,samp_store_date,20,2022-06-30 00:00:00,2022-06-30,,/github/workspace/logsheets/filtered/water_sampling.csv,XSDDate,False
datatype mismatch,ws,samp_store_date,21,2022-08-31 00:00:00,2022-08-31,,/github/workspace/logsheets/filtered/water_sampling.csv,XSDDate,False
datatype mismatch,ws,samp_store_date,22,2022-08-31 00:00:00,2022-08-31,,/github/workspace/logsheets/filtered/water_sampling.csv,XSDDate,False
datatype mismatch,ws,samp_store_date,23,2022-08-31 00:00:00,2022-08-31,,/github/workspace/logsheets/filtered/water_sampling.csv,XSDDate,False
datatype mismatch,ws,samp_store_date,24,2022-08-31 00:00:00,2022-08-31,,/github/workspace/logsheets/filtered/water_sampling.csv,XSDDate,False
datatype mismatch,ws,samp_store_date,25,2022-08-31 00:00:00,2022-08-31,,/github/workspace/logsheets/filtered/water_sampling.csv,XSDDate,False
datatype mismatch,ws,samp_store_date,26,2022-08-31 00:00:00,2022-08-31,,/github/workspace/logsheets/filtered/water_sampling.csv,XSDDate,False
datatype mismatch,ws,samp_store_date,27,2022-08-31 00:00:00,2022-08-31,,/github/workspace/logsheets/filtered/water_sampling.csv,XSDDate,False
datatype mismatch,ws,samp_store_date,28,2022-08-31 00:00:00,2022-08-31,,/github/workspace/logsheets/filtered/water_sampling.csv,XSDDate,False
datatype mismatch,ws,samp_store_date,29,2022-08-31 00:00:00,2022-08-31,,/github/workspace/logsheets/filtered/water_sampling.csv,XSDDate,False
datatype mismatch,ws,samp_store_date,30,2022-08-31 00:00:00,2022-08-31,,/github/workspace/logsheets/filtered/water_sampling.csv,XSDDate,False
datatype mismatch,ws,samp_store_date,31,2022-10-25 00:00:00,2022-10-25,,/github/workspace/logsheets/filtered/water_sampling.csv,XSDDate,False
datatype mismatch,ws,samp_store_date,32,2022-10-25 00:00:00,2022-10-25,,/github/workspace/logsheets/filtered/water_sampling.csv,XSDDate,False
datatype mismatch,ws,samp_store_date,33,2022-10-25 00:00:00,2022-10-25,,/github/workspace/logsheets/filtered/water_sampling.csv,XSDDate,False
datatype mismatch,ws,samp_store_date,34,2022-10-25 00:00:00,2022-10-25,,/github/workspace/logsheets/filtered/water_sampling.csv,XSDDate,False
datatype mismatch,ws,samp_store_date,35,2022-10-25 00:00:00,2022-10-25,,/github/workspace/logsheets/filtered/water_sampling.csv,XSDDate,False
datatype mismatch,ws,samp_store_date,36,2022-10-25 00:00:00,2022-10-25,,/github/workspace/logsheets/filtered/water_sampling.csv,XSDDate,False
datatype mismatch,ws,samp_store_date,37,2022-10-25 00:00:00,2022-10-25,,/github/workspace/logsheets/filtered/water_sampling.csv,XSDDate,False
datatype mismatch,ws,samp_store_date,38,2022-10-25 00:00:00,2022-10-25,,/github/workspace/logsheets/filtered/water_sampling.csv,XSDDate,False
datatype mismatch,ws,samp_store_date,39,2022-10-25 00:00:00,2022-10-25,,/github/workspace/logsheets/filtered/water_sampling.csv,XSDDate,False
datatype mismatch,ws,samp_store_date,40,2022-10-25 00:00:00,2022-10-25,,/github/workspace/logsheets/filtered/water_sampling.csv,XSDDate,False
missing value,ws,failure_comment,1,,,,/github/workspace/logsheets/filtered/water_sampling.csv,XSDString,False
missing value,ws,failure_comment,2,,,,/github/workspace/logsheets/filtered/water_sampling.csv,XSDString,False
missing value,ws,failure_comment,3,,,,/github/workspace/logsheets/filtered/water_sampling.csv,XSDString,False
missing value,ws,failure_comment,4,,,,/github/workspace/logsheets/filtered/water_sampling.csv,XSDString,False
missing value,ws,failure_comment,11,,,,/github/workspace/logsheets/filtered/water_sampling.csv,XSDString,False
missing value,ws,failure_comment,12,,,,/github/workspace/logsheets/filtered/water_sampling.csv,XSDString,False
missing value,ws,failure_comment,13,,,,/github/workspace/logsheets/filtered/water_sampling.csv,XSDString,False
missing value,ws,failure_comment,14,,,,/github/workspace/logsheets/filtered/water_sampling.csv,XSDString,False
missing value,ws,failure_comment,19,,,,/github/workspace/logsheets/filtered/water_sampling.csv,XSDString,False
missing value,ws,failure_comment,20,,,,/github/workspace/logsheets/filtered/water_sampling.csv,XSDString,False
missing value,ws,failure_comment,21,,,,/github/workspace/logsheets/filtered/water_sampling.csv,XSDString,False
missing value,ws,failure_comment,22,,,,/github/workspace/logsheets/filtered/water_sampling.csv,XSDString,False
missing value,ws,failure_comment,23,,,,/github/workspace/logsheets/filtered/water_sampling.csv,XSDString,False
missing value,ws,failure_comment,24,,,,/github/workspace/logsheets/filtered/water_sampling.csv,XSDString,False
missing value,ws,failure_comment,31,,,,/github/workspace/logsheets/filtered/water_sampling.csv,XSDString,False
missing value,ws,failure_comment,32,,,,/github/workspace/logsheets/filtered/water_sampling.csv,XSDString,False
missing value,ws,failure_comment,33,,,,/github/workspace/logsheets/filtered/water_sampling.csv,XSDString,False
missing value,ws,failure_comment,34,,,,/github/workspace/logsheets/filtered/water_sampling.csv,XSDString,False
