source_mat_id_orig,samp_description,tax_id,scientific_name,investigation_type,env_material,collection_date,sampling_event,sampl_person,sampl_person_orcid,tidal_stage,depth,noteworthy_env_cond,replicate,samp_size_vol,time_fi,size_frac,size_frac_low,size_frac_up,membr_cut,samp_collect_device,samp_mat_process,samp_mat_process_dev,samp_store_date,samp_store_loc,samp_store_temp,store_person,store_person_orcid,other_person,other_person_orcid,long_store,ship_date,arr_date_hq,store_temp_hq,ship_date_seq,arr_date_seq,failure,failure_comment,ENA_accession_number_sample,source_mat_id
EMO BON Bergen Wa 220426 3uM (1),EMOBON metagenome water sample from station Bergen collected on 2022-04-26 size fraction 3-200um,1874687,marine plankton metagenome,metagenome,seawater [ENVO:00002149]; coastal sea water [ENVO:00002150]; surface water [ENVO:00002042],2022-04-26 00:00:00,Bergen_Wa_220426,David Rees,NA,no_tide,2,,1,10,fi,3-200,3,200,Y,Niskin,WaSOP1,NA,2022-04-26 00:00:00,BIO upright -80C freezer; top shelf in upper section,-80,David Rees,NA,NA,NA,N,2022-10-10 00:00:00,2022-10-11 00:00:00,-70,2023-06-01 00:00:00,2023-06-01 00:00:00,,,,EMOBON_Bergen_Wa_1
EMO BON Bergen Wa 220426 3uM (2),EMOBON metagenome water sample from station Bergen collected on 2022-04-26 size fraction 3-200um,1874687,marine plankton metagenome,metagenome,seawater [ENVO:00002149]; coastal sea water [ENVO:00002150]; surface water [ENVO:00002042],2022-04-26 00:00:00,Bergen_Wa_220426,David Rees,NA,no_tide,2,,2,10,fi,3-200,3,200,Y,Niskin,WaSOP1,NA,2022-04-26 00:00:00,BIO upright -80C freezer; top shelf in upper section,-80,David Rees,NA,NA,NA,N,2022-10-10 00:00:00,2022-10-11 00:00:00,-70,2023-06-01 00:00:00,2023-06-01 00:00:00,,,,EMOBON_Bergen_Wa_2
EMO BON Bergen Wa 220426 0.2uM (1),EMOBON metagenome water sample from station Bergen collected on 2022-04-26 size fraction 0.2-3um,1874687,marine plankton metagenome,metagenome,seawater [ENVO:00002149]; coastal sea water [ENVO:00002150]; surface water [ENVO:00002042],2022-04-26 00:00:00,Bergen_Wa_220426,David Rees,NA,no_tide,2,,1,10,fi,0.2-3,0.2,3,Y,Niskin,WaSOP1,NA,2022-04-26 00:00:00,BIO upright -80C freezer; top shelf in upper section,-80,David Rees,NA,NA,NA,N,2022-10-10 00:00:00,2022-10-11 00:00:00,-70,2023-06-01 00:00:00,2023-06-01 00:00:00,,,,EMOBON_Bergen_Wa_3
EMO BON Bergen Wa 220426 0.2uM (2),EMOBON metagenome water sample from station Bergen collected on 2022-04-26 size fraction 0.2-3um,1874687,marine plankton metagenome,metagenome,seawater [ENVO:00002149]; coastal sea water [ENVO:00002150]; surface water [ENVO:00002042],2022-04-26 00:00:00,Bergen_Wa_220426,David Rees,NA,no_tide,2,,2,10,fi,0.2-3,0.2,3,Y,Niskin,WaSOP1,NA,2022-04-26 00:00:00,BIO upright -80C freezer; top shelf in upper section,-80,David Rees,NA,NA,NA,N,2022-10-10 00:00:00,2022-10-11 00:00:00,-70,2023-06-01 00:00:00,2023-06-01 00:00:00,,,,EMOBON_Bergen_Wa_4
EMO BON Bergen Wa 220426 3uM (3),EMOBON metagenome water sample from station Bergen collected on 2022-04-26 size fraction 3-200um,1874687,marine plankton metagenome,metagenome,seawater [ENVO:00002149]; coastal sea water [ENVO:00002150]; surface water [ENVO:00002042],2022-04-26 00:00:00,Bergen_Wa_220426,David Rees,NA,no_tide,2,,3,10,fi,3-200,3,200,Y,Niskin,WaSOP1,NA,2022-04-26 00:00:00,BIO upright -80C freezer; top shelf in upper section,-80,David Rees,NA,NA,NA,Y,NA,NA,NA,NA,NA,NA,NA,NA,EMOBON_Bergen_Wa_5
EMO BON Bergen Wa 220426 3uM (4),EMOBON metagenome water sample from station Bergen collected on 2022-04-26 size fraction 3-200um,1874687,marine plankton metagenome,metagenome,seawater [ENVO:00002149]; coastal sea water [ENVO:00002150]; surface water [ENVO:00002042],2022-04-26 00:00:00,Bergen_Wa_220426,David Rees,NA,no_tide,2,,4,10,fi,3-200,3,200,Y,Niskin,WaSOP1,NA,2022-04-26 00:00:00,BIO upright -80C freezer; top shelf in upper section,-80,David Rees,NA,NA,NA,Y,NA,NA,NA,NA,NA,NA,NA,NA,EMOBON_Bergen_Wa_6
EMO BON Bergen Wa 220426 0.2uM (3),EMOBON metagenome water sample from station Bergen collected on 2022-04-26 size fraction 0.2-3um,1874687,marine plankton metagenome,metagenome,seawater [ENVO:00002149]; coastal sea water [ENVO:00002150]; surface water [ENVO:00002042],2022-04-26 00:00:00,Bergen_Wa_220426,David Rees,NA,no_tide,2,,3,10,fi,0.2-3,0.2,3,Y,Niskin,WaSOP1,NA,2022-04-26 00:00:00,BIO upright -80C freezer; top shelf in upper section,-80,David Rees,NA,NA,NA,Y,NA,NA,NA,NA,NA,NA,NA,NA,EMOBON_Bergen_Wa_7
EMO BON Bergen Wa 220426 0.2uM (4),EMOBON metagenome water sample from station Bergen collected on 2022-04-26 size fraction 0.2-3um,1874687,marine plankton metagenome,metagenome,seawater [ENVO:00002149]; coastal sea water [ENVO:00002150]; surface water [ENVO:00002042],2022-04-26 00:00:00,Bergen_Wa_220426,David Rees,NA,no_tide,2,,4,10,fi,0.2-3,0.2,3,Y,Niskin,WaSOP1,NA,2022-04-26 00:00:00,BIO upright -80C freezer; top shelf in upper section,-80,David Rees,NA,NA,NA,Y,NA,NA,NA,NA,NA,NA,NA,NA,EMOBON_Bergen_Wa_8
EMO BON Bergen Wa 220426 3uM (blank),EMOBON metagenome water sample from station Bergen collected on 2022-04-26 size fraction 3-200um,256318,metagenome,metagenome,MilliQ water [ENVO:00003065],2022-04-26 00:00:00,Bergen_Wa_220426,David Rees,NA,no_tide,2,,blank_1,10,fi,3-200,3,200,Y,Niskin,WaSOP1,NA,2022-04-26 00:00:00,BIO upright -80C freezer; top shelf in upper section,-80,David Rees,NA,NA,NA,Y,NA,NA,NA,NA,NA,NA,NA,NA,EMOBON_Bergen_Wa_9
EMO BON Bergen Wa 220426 0.2uM (blank),EMOBON metagenome water sample from station Bergen collected on 2022-04-26 size fraction 0.2-3um,256318,metagenome,metagenome,MilliQ water [ENVO:00003065],2022-04-26 00:00:00,Bergen_Wa_220426,David Rees,NA,no_tide,2,,blank_1,10,fi,0.2-3,0.2,3,Y,Niskin,WaSOP1,NA,2022-04-26 00:00:00,BIO upright -80C freezer; top shelf in upper section,-80,David Rees,NA,NA,NA,Y,NA,NA,NA,NA,NA,NA,NA,NA,EMOBON_Bergen_Wa_10
EMO BON Bergen Wa 220630 3uM (1),EMOBON metagenome water sample from station Bergen collected on 2022-06-30 size fraction 3-200um,1874687,marine plankton metagenome,metagenome,seawater [ENVO:00002149]; coastal sea water [ENVO:00002150]; surface water [ENVO:00002042],2022-06-30 00:00:00,Bergen_Wa_220630,David Rees,NA,no_tide,2,,1,10,fi,3-200,3,200,Y,Niskin,WaSOP1,NA,2022-06-30 00:00:00,BIO upright -80C freezer; top shelf in upper section,-80,David Rees,NA,NA,NA,N,2022-10-10 00:00:00,2022-10-11 00:00:00,-70,2023-06-01 00:00:00,2023-06-01 00:00:00,,,,EMOBON_Bergen_Wa_11
EMO BON Bergen Wa 220630 3uM (2),EMOBON metagenome water sample from station Bergen collected on 2022-06-30 size fraction 3-200um,1874687,marine plankton metagenome,metagenome,seawater [ENVO:00002149]; coastal sea water [ENVO:00002150]; surface water [ENVO:00002042],2022-06-30 00:00:00,Bergen_Wa_220630,David Rees,NA,no_tide,2,,2,10,fi,3-200,3,200,Y,Niskin,WaSOP1,NA,2022-06-30 00:00:00,BIO upright -80C freezer; top shelf in upper section,-80,David Rees,NA,NA,NA,N,2022-10-10 00:00:00,2022-10-11 00:00:00,-70,2023-06-01 00:00:00,2023-06-01 00:00:00,,,,EMOBON_Bergen_Wa_12
EMO BON Bergen Wa 220630 0.2uM (1),EMOBON metagenome water sample from station Bergen collected on 2022-06-30 size fraction 0.2-3um,1874687,marine plankton metagenome,metagenome,seawater [ENVO:00002149]; coastal sea water [ENVO:00002150]; surface water [ENVO:00002042],2022-06-30 00:00:00,Bergen_Wa_220630,David Rees,NA,no_tide,2,,1,10,fi,0.2-3,0.2,3,Y,Niskin,WaSOP1,NA,2022-06-30 00:00:00,BIO upright -80C freezer; top shelf in upper section,-80,David Rees,NA,NA,NA,N,2022-10-10 00:00:00,2022-10-11 00:00:00,-70,2023-06-01 00:00:00,2023-06-01 00:00:00,,,,EMOBON_Bergen_Wa_13
EMO BON Bergen Wa 220630 0.2uM (2),EMOBON metagenome water sample from station Bergen collected on 2022-06-30 size fraction 0.2-3um,1874687,marine plankton metagenome,metagenome,seawater [ENVO:00002149]; coastal sea water [ENVO:00002150]; surface water [ENVO:00002042],2022-06-30 00:00:00,Bergen_Wa_220630,David Rees,NA,no_tide,2,,2,10,fi,0.2-3,0.2,3,Y,Niskin,WaSOP1,NA,2022-06-30 00:00:00,BIO upright -80C freezer; top shelf in upper section,-80,David Rees,NA,NA,NA,N,2022-10-10 00:00:00,2022-10-11 00:00:00,-70,2023-06-01 00:00:00,2023-06-01 00:00:00,,,,EMOBON_Bergen_Wa_14
EMO BON Bergen Wa 220630 3uM (3),EMOBON metagenome water sample from station Bergen collected on 2022-06-30 size fraction 3-200um,1874687,marine plankton metagenome,metagenome,seawater [ENVO:00002149]; coastal sea water [ENVO:00002150]; surface water [ENVO:00002042],2022-06-30 00:00:00,Bergen_Wa_220630,David Rees,NA,no_tide,2,,3,10,fi,3-200,3,200,Y,Niskin,WaSOP1,NA,2022-06-30 00:00:00,BIO upright -80C freezer; top shelf in upper section,-80,David Rees,NA,NA,NA,Y,NA,NA,NA,NA,NA,NA,NA,NA,EMOBON_Bergen_Wa_15
EMO BON Bergen Wa 220630 3uM (4),EMOBON metagenome water sample from station Bergen collected on 2022-06-30 size fraction 3-200um,1874687,marine plankton metagenome,metagenome,seawater [ENVO:00002149]; coastal sea water [ENVO:00002150]; surface water [ENVO:00002042],2022-06-30 00:00:00,Bergen_Wa_220630,David Rees,NA,no_tide,2,,4,10,fi,3-200,3,200,Y,Niskin,WaSOP1,NA,2022-06-30 00:00:00,BIO upright -80C freezer; top shelf in upper section,-80,David Rees,NA,NA,NA,Y,NA,NA,NA,NA,NA,NA,NA,NA,EMOBON_Bergen_Wa_16
EMO BON Bergen Wa 220630 0.2uM (3),EMOBON metagenome water sample from station Bergen collected on 2022-06-30 size fraction 0.2-3um,1874687,marine plankton metagenome,metagenome,seawater [ENVO:00002149]; coastal sea water [ENVO:00002150]; surface water [ENVO:00002042],2022-06-30 00:00:00,Bergen_Wa_220630,David Rees,NA,no_tide,2,,3,10,fi,0.2-3,0.2,3,Y,Niskin,WaSOP1,NA,2022-06-30 00:00:00,BIO upright -80C freezer; top shelf in upper section,-80,David Rees,NA,NA,NA,Y,NA,NA,NA,NA,NA,NA,NA,NA,EMOBON_Bergen_Wa_17
EMO BON Bergen Wa 220630 0.2uM (4),EMOBON metagenome water sample from station Bergen collected on 2022-06-30 size fraction 0.2-3um,1874687,marine plankton metagenome,metagenome,seawater [ENVO:00002149]; coastal sea water [ENVO:00002150]; surface water [ENVO:00002042],2022-06-30 00:00:00,Bergen_Wa_220630,David Rees,NA,no_tide,2,,4,10,fi,0.2-3,0.2,3,Y,Niskin,WaSOP1,NA,2022-06-30 00:00:00,BIO upright -80C freezer; top shelf in upper section,-80,David Rees,NA,NA,NA,Y,NA,NA,NA,NA,NA,NA,NA,NA,EMOBON_Bergen_Wa_18
EMO BON Bergen Wa 220630 3uM (blank),EMOBON metagenome water sample from station Bergen collected on 2022-06-30 size fraction 3-200um,256318,metagenome,metagenome,MilliQ water [ENVO:00003065],2022-06-30 00:00:00,Bergen_Wa_220630,David Rees,NA,no_tide,2,,blank_1,10,fi,3-200,3,200,Y,Niskin,WaSOP1,NA,2022-06-30 00:00:00,BIO upright -80C freezer; top shelf in upper section,-80,David Rees,NA,NA,NA,N,2022-10-10 00:00:00,2022-10-11 00:00:00,-70,2023-06-01 00:00:00,2023-06-01 00:00:00,,,,EMOBON_Bergen_Wa_19
EMO BON Bergen Wa 220630 0.2uM (blank),EMOBON metagenome water sample from station Bergen collected on 2022-06-30 size fraction 0.2-3um,256318,metagenome,metagenome,MilliQ water [ENVO:00003065],2022-06-30 00:00:00,Bergen_Wa_220630,David Rees,NA,no_tide,2,,blank_1,10,fi,0.2-3,0.2,3,Y,Niskin,WaSOP1,NA,2022-06-30 00:00:00,BIO upright -80C freezer; top shelf in upper section,-80,David Rees,NA,NA,NA,N,2022-10-10 00:00:00,2022-10-11 00:00:00,-70,2023-06-01 00:00:00,2023-06-01 00:00:00,,,,EMOBON_Bergen_Wa_20
EMO BON Bergen Wa 220831 3uM (1),EMOBON metagenome water sample from station Bergen collected on 2022-08-31 size fraction 3-200um,1874687,marine plankton metagenome,metagenome,seawater [ENVO:00002149]; coastal sea water [ENVO:00002150]; surface water [ENVO:00002042],2022-08-31 00:00:00,Bergen_Wa_220831,David Rees,NA,no_tide,2,,1,10,fi,3-200,3,200,Y,Niskin,WaSOP1,NA,2022-08-31 00:00:00,BIO upright -80C freezer; top shelf in upper section,-80,David Rees,NA,NA,NA,N,2022-10-10 00:00:00,2022-10-11 00:00:00,-70,2023-06-01 00:00:00,2023-06-01 00:00:00,,,,EMOBON_Bergen_Wa_21
EMO BON Bergen Wa 220831 3uM (2),EMOBON metagenome water sample from station Bergen collected on 2022-08-31 size fraction 3-200um,1874687,marine plankton metagenome,metagenome,seawater [ENVO:00002149]; coastal sea water [ENVO:00002150]; surface water [ENVO:00002042],2022-08-31 00:00:00,Bergen_Wa_220831,David Rees,NA,no_tide,2,,2,10,fi,3-200,3,200,Y,Niskin,WaSOP1,NA,2022-08-31 00:00:00,BIO upright -80C freezer; top shelf in upper section,-80,David Rees,NA,NA,NA,N,2022-10-10 00:00:00,2022-10-11 00:00:00,-70,2023-06-01 00:00:00,2023-06-01 00:00:00,,,,EMOBON_Bergen_Wa_22
EMO BON Bergen Wa 220831 0.2uM (1),EMOBON metagenome water sample from station Bergen collected on 2022-08-31 size fraction 0.2-3um,1874687,marine plankton metagenome,metagenome,seawater [ENVO:00002149]; coastal sea water [ENVO:00002150]; surface water [ENVO:00002042],2022-08-31 00:00:00,Bergen_Wa_220831,David Rees,NA,no_tide,2,,1,10,fi,0.2-3,0.2,3,Y,Niskin,WaSOP1,NA,2022-08-31 00:00:00,BIO upright -80C freezer; top shelf in upper section,-80,David Rees,NA,NA,NA,N,2022-10-10 00:00:00,2022-10-11 00:00:00,-70,2023-06-01 00:00:00,2023-06-01 00:00:00,,,,EMOBON_Bergen_Wa_23
EMO BON Bergen Wa 220831 0.2uM (2),EMOBON metagenome water sample from station Bergen collected on 2022-08-31 size fraction 0.2-3um,1874687,marine plankton metagenome,metagenome,seawater [ENVO:00002149]; coastal sea water [ENVO:00002150]; surface water [ENVO:00002042],2022-08-31 00:00:00,Bergen_Wa_220831,David Rees,NA,no_tide,2,,2,10,fi,0.2-3,0.2,3,Y,Niskin,WaSOP1,NA,2022-08-31 00:00:00,BIO upright -80C freezer; top shelf in upper section,-80,David Rees,NA,NA,NA,N,2022-10-10 00:00:00,2022-10-11 00:00:00,-70,2023-06-01 00:00:00,2023-06-01 00:00:00,,,,EMOBON_Bergen_Wa_24
EMO BON Bergen Wa 220831 3uM (3),EMOBON metagenome water sample from station Bergen collected on 2022-08-31 size fraction 3-200um,1874687,marine plankton metagenome,metagenome,seawater [ENVO:00002149]; coastal sea water [ENVO:00002150]; surface water [ENVO:00002042],2022-08-31 00:00:00,Bergen_Wa_220831,David Rees,NA,no_tide,2,,3,10,fi,3-200,3,200,Y,Niskin,WaSOP1,NA,2022-08-31 00:00:00,BIO upright -80C freezer; top shelf in upper section,-80,David Rees,NA,NA,NA,Y,NA,NA,NA,NA,NA,NA,NA,NA,EMOBON_Bergen_Wa_25
EMO BON Bergen Wa 220831 3uM (4),EMOBON metagenome water sample from station Bergen collected on 2022-08-31 size fraction 3-200um,1874687,marine plankton metagenome,metagenome,seawater [ENVO:00002149]; coastal sea water [ENVO:00002150]; surface water [ENVO:00002042],2022-08-31 00:00:00,Bergen_Wa_220831,David Rees,NA,no_tide,2,,4,10,fi,3-200,3,200,Y,Niskin,WaSOP1,NA,2022-08-31 00:00:00,BIO upright -80C freezer; top shelf in upper section,-80,David Rees,NA,NA,NA,Y,NA,NA,NA,NA,NA,NA,NA,NA,EMOBON_Bergen_Wa_26
EMO BON Bergen Wa 220831 0.2uM (3),EMOBON metagenome water sample from station Bergen collected on 2022-08-31 size fraction 0.2-3um,1874687,marine plankton metagenome,metagenome,seawater [ENVO:00002149]; coastal sea water [ENVO:00002150]; surface water [ENVO:00002042],2022-08-31 00:00:00,Bergen_Wa_220831,David Rees,NA,no_tide,2,,3,10,fi,0.2-3,0.2,3,Y,Niskin,WaSOP1,NA,2022-08-31 00:00:00,BIO upright -80C freezer; top shelf in upper section,-80,David Rees,NA,NA,NA,Y,NA,NA,NA,NA,NA,NA,NA,NA,EMOBON_Bergen_Wa_27
EMO BON Bergen Wa 220831 0.2uM (4),EMOBON metagenome water sample from station Bergen collected on 2022-08-31 size fraction 0.2-3um,1874687,marine plankton metagenome,metagenome,seawater [ENVO:00002149]; coastal sea water [ENVO:00002150]; surface water [ENVO:00002042],2022-08-31 00:00:00,Bergen_Wa_220831,David Rees,NA,no_tide,2,,4,10,fi,0.2-3,0.2,3,Y,Niskin,WaSOP1,NA,2022-08-31 00:00:00,BIO upright -80C freezer; top shelf in upper section,-80,David Rees,NA,NA,NA,Y,NA,NA,NA,NA,NA,NA,NA,NA,EMOBON_Bergen_Wa_28
EMO BON Bergen Wa 220831 3uM (blank),EMOBON metagenome water sample from station Bergen collected on 2022-08-31 size fraction 3-200um,256318,metagenome,metagenome,MilliQ water [ENVO:00003065],2022-08-31 00:00:00,Bergen_Wa_220831,David Rees,NA,no_tide,2,,blank_1,10,fi,3-200,3,200,Y,Niskin,WaSOP1,NA,2022-08-31 00:00:00,BIO upright -80C freezer; top shelf in upper section,-80,David Rees,NA,NA,NA,Y,NA,NA,NA,NA,NA,NA,NA,NA,EMOBON_Bergen_Wa_29
EMO BON Bergen Wa 220831 0.2uM (blank),EMOBON metagenome water sample from station Bergen collected on 2022-08-31 size fraction 0.2-3um,256318,metagenome,metagenome,MilliQ water [ENVO:00003065],2022-08-31 00:00:00,Bergen_Wa_220831,David Rees,NA,no_tide,2,,blank_1,10,fi,0.2-3,0.2,3,Y,Niskin,WaSOP1,NA,2022-08-31 00:00:00,BIO upright -80C freezer; top shelf in upper section,-80,David Rees,NA,NA,NA,Y,NA,NA,NA,NA,NA,NA,NA,NA,EMOBON_Bergen_Wa_30
EMO BON Bergen Wa 221025 3uM (1),EMOBON metagenome water sample from station Bergen collected on 2022-10-25 size fraction 3-200um,1874687,marine plankton metagenome,metagenome,seawater [ENVO:00002149]; coastal sea water [ENVO:00002150]; surface water [ENVO:00002042],2022-10-25 00:00:00,Bergen_Wa_221025,David Rees,NA,no_tide,2,,1,10,fi,3-200,3,200,Y,Niskin,WaSOP1,NA,2022-10-25 00:00:00,BIO upright -80C freezer; top shelf in upper section,-80,David Rees,NA,NA,NA,N,2023-06-12 00:00:00,2023-06-14 00:00:00,-70,,,,,,EMOBON_Bergen_Wa_31
EMO BON Bergen Wa 221025 3uM (2),EMOBON metagenome water sample from station Bergen collected on 2022-10-25 size fraction 3-200um,1874687,marine plankton metagenome,metagenome,seawater [ENVO:00002149]; coastal sea water [ENVO:00002150]; surface water [ENVO:00002042],2022-10-25 00:00:00,Bergen_Wa_221025,David Rees,NA,no_tide,2,,2,10,fi,3-200,3,200,Y,Niskin,WaSOP1,NA,2022-10-25 00:00:00,BIO upright -80C freezer; top shelf in upper section,-80,David Rees,NA,NA,NA,N,2023-06-12 00:00:00,2023-06-14 00:00:00,-70,,,,,,EMOBON_Bergen_Wa_32
EMO BON Bergen Wa 221025 0.2uM (1),EMOBON metagenome water sample from station Bergen collected on 2022-10-25 size fraction 0.2-3um,1874687,marine plankton metagenome,metagenome,seawater [ENVO:00002149]; coastal sea water [ENVO:00002150]; surface water [ENVO:00002042],2022-10-25 00:00:00,Bergen_Wa_221025,David Rees,NA,no_tide,2,,1,10,fi,0.2-3,0.2,3,Y,Niskin,WaSOP1,NA,2022-10-25 00:00:00,BIO upright -80C freezer; top shelf in upper section,-80,David Rees,NA,NA,NA,N,2023-06-12 00:00:00,2023-06-14 00:00:00,-70,,,,,,EMOBON_Bergen_Wa_33
EMO BON Bergen Wa 221025 0.2uM (2),EMOBON metagenome water sample from station Bergen collected on 2022-10-25 size fraction 0.2-3um,1874687,marine plankton metagenome,metagenome,seawater [ENVO:00002149]; coastal sea water [ENVO:00002150]; surface water [ENVO:00002042],2022-10-25 00:00:00,Bergen_Wa_221025,David Rees,NA,no_tide,2,,2,10,fi,0.2-3,0.2,3,Y,Niskin,WaSOP1,NA,2022-10-25 00:00:00,BIO upright -80C freezer; top shelf in upper section,-80,David Rees,NA,NA,NA,N,2023-06-12 00:00:00,2023-06-14 00:00:00,-70,,,,,,EMOBON_Bergen_Wa_34
EMO BON Bergen Wa 221025 3uM (3),EMOBON metagenome water sample from station Bergen collected on 2022-10-25 size fraction 3-200um,1874687,marine plankton metagenome,metagenome,seawater [ENVO:00002149]; coastal sea water [ENVO:00002150]; surface water [ENVO:00002042],2022-10-25 00:00:00,Bergen_Wa_221025,David Rees,NA,no_tide,2,,3,10,fi,3-200,3,200,Y,Niskin,WaSOP1,NA,2022-10-25 00:00:00,BIO upright -80C freezer; top shelf in upper section,-80,David Rees,NA,NA,NA,Y,NA,NA,NA,NA,NA,NA,NA,NA,EMOBON_Bergen_Wa_35
EMO BON Bergen Wa 221025 3uM (4),EMOBON metagenome water sample from station Bergen collected on 2022-10-25 size fraction 3-200um,1874687,marine plankton metagenome,metagenome,seawater [ENVO:00002149]; coastal sea water [ENVO:00002150]; surface water [ENVO:00002042],2022-10-25 00:00:00,Bergen_Wa_221025,David Rees,NA,no_tide,2,,4,10,fi,3-200,3,200,Y,Niskin,WaSOP1,NA,2022-10-25 00:00:00,BIO upright -80C freezer; top shelf in upper section,-80,David Rees,NA,NA,NA,Y,NA,NA,NA,NA,NA,NA,NA,NA,EMOBON_Bergen_Wa_36
EMO BON Bergen Wa 221025 0.2uM (3),EMOBON metagenome water sample from station Bergen collected on 2022-10-25 size fraction 0.2-3um,1874687,marine plankton metagenome,metagenome,seawater [ENVO:00002149]; coastal sea water [ENVO:00002150]; surface water [ENVO:00002042],2022-10-25 00:00:00,Bergen_Wa_221025,David Rees,NA,no_tide,2,,3,10,fi,0.2-3,0.2,3,Y,Niskin,WaSOP1,NA,2022-10-25 00:00:00,BIO upright -80C freezer; top shelf in upper section,-80,David Rees,NA,NA,NA,Y,NA,NA,NA,NA,NA,NA,NA,NA,EMOBON_Bergen_Wa_37
EMO BON Bergen Wa 221025 0.2uM (4),EMOBON metagenome water sample from station Bergen collected on 2022-10-25 size fraction 0.2-3um,1874687,marine plankton metagenome,metagenome,seawater [ENVO:00002149]; coastal sea water [ENVO:00002150]; surface water [ENVO:00002042],2022-10-25 00:00:00,Bergen_Wa_221025,David Rees,NA,no_tide,2,,4,10,fi,0.2-3,0.2,3,Y,Niskin,WaSOP1,NA,2022-10-25 00:00:00,BIO upright -80C freezer; top shelf in upper section,-80,David Rees,NA,NA,NA,Y,NA,NA,NA,NA,NA,NA,NA,NA,EMOBON_Bergen_Wa_38
EMO BON Bergen Wa 221025 3uM (blank),EMOBON metagenome water sample from station Bergen collected on 2022-10-25 size fraction 3-200um,256318,metagenome,metagenome,MilliQ water [ENVO:00003065],2022-10-25 00:00:00,Bergen_Wa_221025,David Rees,NA,no_tide,2,,blank_1,10,fi,3-200,3,200,Y,Niskin,WaSOP1,NA,2022-10-25 00:00:00,BIO upright -80C freezer; top shelf in upper section,-80,David Rees,NA,NA,NA,Y,NA,NA,NA,NA,NA,NA,NA,NA,EMOBON_Bergen_Wa_39
EMO BON Bergen Wa 221025 0.2uM (blank),EMOBON metagenome water sample from station Bergen collected on 2022-10-25 size fraction 0.2-3um,256318,metagenome,metagenome,MilliQ water [ENVO:00003065],2022-10-25 00:00:00,Bergen_Wa_221025,David Rees,NA,no_tide,2,,blank_1,10,fi,0.2-3,0.2,3,Y,Niskin,WaSOP1,NA,2022-10-25 00:00:00,BIO upright -80C freezer; top shelf in upper section,-80,David Rees,NA,NA,NA,Y,NA,NA,NA,NA,NA,NA,NA,NA,EMOBON_Bergen_Wa_40
EMO BON Bergen Wa 230103 3uM (1),EMOBON metagenome water sample from station Bergen collected on 2023-01-03 size fraction 3-200um,1874687,marine plankton metagenome,metagenome,seawater [ENVO:00002149]; coastal sea water [ENVO:00002150]; surface water [ENVO:00002042],2023-01-03 00:00:00,Bergen_Wa_230103,David Rees,NA,no_tide,2,,1,10,fi,3-200,3,200,Y,Niskin,WaSOP1,NA,2023-01-03 00:00:00,BIO upright -80C freezer; top shelf in upper section,-80,David Rees,NA,NA,NA,N,2023-06-12 00:00:00,2023-06-14 00:00:00,-70,,,,,,EMOBON_Bergen_Wa_41
EMO BON Bergen Wa 230103 3uM (2),EMOBON metagenome water sample from station Bergen collected on 2023-01-03 size fraction 3-200um,1874687,marine plankton metagenome,metagenome,seawater [ENVO:00002149]; coastal sea water [ENVO:00002150]; surface water [ENVO:00002042],2023-01-03 00:00:00,Bergen_Wa_230103,David Rees,NA,no_tide,2,,2,10,fi,3-200,3,200,Y,Niskin,WaSOP1,NA,2023-01-03 00:00:00,BIO upright -80C freezer; top shelf in upper section,-80,David Rees,NA,NA,NA,N,2023-06-12 00:00:00,2023-06-14 00:00:00,-70,,,,,,EMOBON_Bergen_Wa_42
EMO BON Bergen Wa 230103 0.2uM (1),EMOBON metagenome water sample from station Bergen collected on 2023-01-03 size fraction 0.2-3um,1874687,marine plankton metagenome,metagenome,seawater [ENVO:00002149]; coastal sea water [ENVO:00002150]; surface water [ENVO:00002042],2023-01-03 00:00:00,Bergen_Wa_230103,David Rees,NA,no_tide,2,,1,10,fi,0.2-3,0.2,3,Y,Niskin,WaSOP1,NA,2023-01-03 00:00:00,BIO upright -80C freezer; top shelf in upper section,-80,David Rees,NA,NA,NA,N,2023-06-12 00:00:00,2023-06-14 00:00:00,-70,,,,,,EMOBON_Bergen_Wa_43
EMO BON Bergen Wa 230103 0.2uM (2),EMOBON metagenome water sample from station Bergen collected on 2023-01-03 size fraction 0.2-3um,1874687,marine plankton metagenome,metagenome,seawater [ENVO:00002149]; coastal sea water [ENVO:00002150]; surface water [ENVO:00002042],2023-01-03 00:00:00,Bergen_Wa_230103,David Rees,NA,no_tide,2,,2,10,fi,0.2-3,0.2,3,Y,Niskin,WaSOP1,NA,2023-01-03 00:00:00,BIO upright -80C freezer; top shelf in upper section,-80,David Rees,NA,NA,NA,N,2023-06-12 00:00:00,2023-06-14 00:00:00,-70,,,,,,EMOBON_Bergen_Wa_44
EMO BON Bergen Wa 230103 3uM (3),EMOBON metagenome water sample from station Bergen collected on 2023-01-03 size fraction 3-200um,1874687,marine plankton metagenome,metagenome,seawater [ENVO:00002149]; coastal sea water [ENVO:00002150]; surface water [ENVO:00002042],2023-01-03 00:00:00,Bergen_Wa_230103,David Rees,NA,no_tide,2,,3,10,fi,3-200,3,200,Y,Niskin,WaSOP1,NA,2023-01-03 00:00:00,BIO upright -80C freezer; top shelf in upper section,-80,David Rees,NA,NA,NA,Y,NA,NA,NA,NA,NA,NA,NA,NA,EMOBON_Bergen_Wa_45
EMO BON Bergen Wa 230103 3uM (4),EMOBON metagenome water sample from station Bergen collected on 2023-01-03 size fraction 3-200um,1874687,marine plankton metagenome,metagenome,seawater [ENVO:00002149]; coastal sea water [ENVO:00002150]; surface water [ENVO:00002042],2023-01-03 00:00:00,Bergen_Wa_230103,David Rees,NA,no_tide,2,,4,10,fi,3-200,3,200,Y,Niskin,WaSOP1,NA,2023-01-03 00:00:00,BIO upright -80C freezer; top shelf in upper section,-80,David Rees,NA,NA,NA,Y,NA,NA,NA,NA,NA,NA,NA,NA,EMOBON_Bergen_Wa_46
EMO BON Bergen Wa 230103 0.2uM (3),EMOBON metagenome water sample from station Bergen collected on 2023-01-03 size fraction 0.2-3um,1874687,marine plankton metagenome,metagenome,seawater [ENVO:00002149]; coastal sea water [ENVO:00002150]; surface water [ENVO:00002042],2023-01-03 00:00:00,Bergen_Wa_230103,David Rees,NA,no_tide,2,,3,10,fi,0.2-3,0.2,3,Y,Niskin,WaSOP1,NA,2023-01-03 00:00:00,BIO upright -80C freezer; top shelf in upper section,-80,David Rees,NA,NA,NA,Y,NA,NA,NA,NA,NA,NA,NA,NA,EMOBON_Bergen_Wa_47
EMO BON Bergen Wa 230103 0.2uM (4),EMOBON metagenome water sample from station Bergen collected on 2023-01-03 size fraction 0.2-3um,1874687,marine plankton metagenome,metagenome,seawater [ENVO:00002149]; coastal sea water [ENVO:00002150]; surface water [ENVO:00002042],2023-01-03 00:00:00,Bergen_Wa_230103,David Rees,NA,no_tide,2,,4,10,fi,0.2-3,0.2,3,Y,Niskin,WaSOP1,NA,2023-01-03 00:00:00,BIO upright -80C freezer; top shelf in upper section,-80,David Rees,NA,NA,NA,Y,NA,NA,NA,NA,NA,NA,NA,NA,EMOBON_Bergen_Wa_48
EMO BON Bergen Wa 230103 3uM (blank),EMOBON metagenome water sample from station Bergen collected on 2023-01-03 size fraction 3-200um,256318,metagenome,metagenome,MilliQ water [ENVO:00003065],2023-01-03 00:00:00,Bergen_Wa_230103,David Rees,NA,no_tide,2,,blank_1,10,fi,3-200,3,200,Y,Niskin,WaSOP1,NA,2023-01-03 00:00:00,BIO upright -80C freezer; top shelf in upper section,-80,David Rees,NA,NA,NA,Y,NA,NA,NA,NA,NA,NA,NA,NA,EMOBON_Bergen_Wa_49
EMO BON Bergen Wa 230103 0.2uM (blank),EMOBON metagenome water sample from station Bergen collected on 2023-01-03 size fraction 0.2-3um,256318,metagenome,metagenome,MilliQ water [ENVO:00003065],2023-01-03 00:00:00,Bergen_Wa_230103,David Rees,NA,no_tide,2,,blank_1,10,fi,0.2-3,0.2,3,Y,Niskin,WaSOP1,NA,2023-01-03 00:00:00,BIO upright -80C freezer; top shelf in upper section,-80,David Rees,NA,NA,NA,Y,NA,NA,NA,NA,NA,NA,NA,NA,EMOBON_Bergen_Wa_50
EMO BON Bergen Wa 230227 3uM (1),EMOBON metagenome water sample from station Bergen collected on 2023-02-27 size fraction 3-200um,1874687,marine plankton metagenome,metagenome,seawater [ENVO:00002149]; coastal sea water [ENVO:00002150]; surface water [ENVO:00002042],2023-02-27 00:00:00,Bergen_Wa_230227,David Rees,NA,no_tide,2,,1,10,fi,3-200,3,200,Y,Niskin,WaSOP1,NA,2023-02-27 00:00:00,BIO upright -80C freezer; top shelf in upper section,-80,David Rees,NA,NA,NA,N,2023-06-12 00:00:00,2023-06-14 00:00:00,-70,,,,,,EMOBON_Bergen_Wa_51
EMO BON Bergen Wa 230227 3uM (2),EMOBON metagenome water sample from station Bergen collected on 2023-02-27 size fraction 3-200um,1874687,marine plankton metagenome,metagenome,seawater [ENVO:00002149]; coastal sea water [ENVO:00002150]; surface water [ENVO:00002042],2023-02-27 00:00:00,Bergen_Wa_230227,David Rees,NA,no_tide,2,,2,10,fi,3-200,3,200,Y,Niskin,WaSOP1,NA,2023-02-27 00:00:00,BIO upright -80C freezer; top shelf in upper section,-80,David Rees,NA,NA,NA,N,2023-06-12 00:00:00,2023-06-14 00:00:00,-70,,,,,,EMOBON_Bergen_Wa_52
EMO BON Bergen Wa 230227 0.2uM (1),EMOBON metagenome water sample from station Bergen collected on 2023-02-27 size fraction 0.2-3um,1874687,marine plankton metagenome,metagenome,seawater [ENVO:00002149]; coastal sea water [ENVO:00002150]; surface water [ENVO:00002042],2023-02-27 00:00:00,Bergen_Wa_230227,David Rees,NA,no_tide,2,,1,10,fi,0.2-3,0.2,3,Y,Niskin,WaSOP1,NA,2023-02-27 00:00:00,BIO upright -80C freezer; top shelf in upper section,-80,David Rees,NA,NA,NA,N,2023-06-12 00:00:00,2023-06-14 00:00:00,-70,,,,,,EMOBON_Bergen_Wa_53
EMO BON Bergen Wa 230227 0.2uM (2),EMOBON metagenome water sample from station Bergen collected on 2023-02-27 size fraction 0.2-3um,1874687,marine plankton metagenome,metagenome,seawater [ENVO:00002149]; coastal sea water [ENVO:00002150]; surface water [ENVO:00002042],2023-02-27 00:00:00,Bergen_Wa_230227,David Rees,NA,no_tide,2,,2,10,fi,0.2-3,0.2,3,Y,Niskin,WaSOP1,NA,2023-02-27 00:00:00,BIO upright -80C freezer; top shelf in upper section,-80,David Rees,NA,NA,NA,N,2023-06-12 00:00:00,2023-06-14 00:00:00,-70,,,,,,EMOBON_Bergen_Wa_54
EMO BON Bergen Wa 230227 3uM (3),EMOBON metagenome water sample from station Bergen collected on 2023-02-27 size fraction 3-200um,1874687,marine plankton metagenome,metagenome,seawater [ENVO:00002149]; coastal sea water [ENVO:00002150]; surface water [ENVO:00002042],2023-02-27 00:00:00,Bergen_Wa_230227,David Rees,NA,no_tide,2,,3,10,fi,3-200,3,200,Y,Niskin,WaSOP1,NA,2023-02-27 00:00:00,BIO upright -80C freezer; top shelf in upper section,-80,David Rees,NA,NA,NA,Y,NA,NA,NA,NA,NA,NA,NA,NA,EMOBON_Bergen_Wa_55
EMO BON Bergen Wa 230227 3uM (4),EMOBON metagenome water sample from station Bergen collected on 2023-02-27 size fraction 3-200um,1874687,marine plankton metagenome,metagenome,seawater [ENVO:00002149]; coastal sea water [ENVO:00002150]; surface water [ENVO:00002042],2023-02-27 00:00:00,Bergen_Wa_230227,David Rees,NA,no_tide,2,,4,10,fi,3-200,3,200,Y,Niskin,WaSOP1,NA,2023-02-27 00:00:00,BIO upright -80C freezer; top shelf in upper section,-80,David Rees,NA,NA,NA,Y,NA,NA,NA,NA,NA,NA,NA,NA,EMOBON_Bergen_Wa_56
EMO BON Bergen Wa 230227 0.2uM (3),EMOBON metagenome water sample from station Bergen collected on 2023-02-27 size fraction 0.2-3um,1874687,marine plankton metagenome,metagenome,seawater [ENVO:00002149]; coastal sea water [ENVO:00002150]; surface water [ENVO:00002042],2023-02-27 00:00:00,Bergen_Wa_230227,David Rees,NA,no_tide,2,,3,10,fi,0.2-3,0.2,3,Y,Niskin,WaSOP1,NA,2023-02-27 00:00:00,BIO upright -80C freezer; top shelf in upper section,-80,David Rees,NA,NA,NA,Y,NA,NA,NA,NA,NA,NA,NA,NA,EMOBON_Bergen_Wa_57
EMO BON Bergen Wa 230227 0.2uM (4),EMOBON metagenome water sample from station Bergen collected on 2023-02-27 size fraction 0.2-3um,1874687,marine plankton metagenome,metagenome,seawater [ENVO:00002149]; coastal sea water [ENVO:00002150]; surface water [ENVO:00002042],2023-02-27 00:00:00,Bergen_Wa_230227,David Rees,NA,no_tide,2,,4,10,fi,0.2-3,0.2,3,Y,Niskin,WaSOP1,NA,2023-02-27 00:00:00,BIO upright -80C freezer; top shelf in upper section,-80,David Rees,NA,NA,NA,Y,NA,NA,NA,NA,NA,NA,NA,NA,EMOBON_Bergen_Wa_58
EMO BON Bergen Wa 230227 3uM (blank),EMOBON metagenome water sample from station Bergen collected on 2023-02-27 size fraction 3-200um,256318,metagenome,metagenome,MilliQ water [ENVO:00003065],2023-02-27 00:00:00,Bergen_Wa_230227,David Rees,NA,no_tide,2,,blank_1,10,fi,3-200,3,200,Y,Niskin,WaSOP1,NA,2023-02-27 00:00:00,BIO upright -80C freezer; top shelf in upper section,-80,David Rees,NA,NA,NA,Y,NA,NA,NA,NA,NA,NA,NA,NA,EMOBON_Bergen_Wa_59
EMO BON Bergen Wa 230227 0.2uM (blank),EMOBON metagenome water sample from station Bergen collected on 2023-02-27 size fraction 0.2-3um,256318,metagenome,metagenome,MilliQ water [ENVO:00003065],2023-02-27 00:00:00,Bergen_Wa_230227,David Rees,NA,no_tide,2,,blank_1,10,fi,0.2-3,0.2,3,Y,Niskin,WaSOP1,NA,2023-02-27 00:00:00,BIO upright -80C freezer; top shelf in upper section,-80,David Rees,NA,NA,NA,Y,NA,NA,NA,NA,NA,NA,NA,NA,EMOBON_Bergen_Wa_60
EMO BON Bergen Wa 230420 3uM (1),EMOBON metagenome water sample from station Bergen collected on 2023-04-20 size fraction 3-200um,1874687,marine plankton metagenome,metagenome,seawater [ENVO:00002149]; coastal sea water [ENVO:00002150]; surface water [ENVO:00002042],2023-04-20 00:00:00,Bergen_Wa_230420,David Rees,NA,no_tide,2,,1,10,fi,3-200,3,200,Y,Niskin,WaSOP1,NA,2023-04-20 00:00:00,BIO upright -80C freezer; top shelf in upper section,-80,David Rees,NA,NA,NA,N,2023-06-12 00:00:00,2023-06-14 00:00:00,-70,,,,,,EMOBON_Bergen_Wa_61
EMO BON Bergen Wa 230420 3uM (2),EMOBON metagenome water sample from station Bergen collected on 2023-04-20 size fraction 3-200um,1874687,marine plankton metagenome,metagenome,seawater [ENVO:00002149]; coastal sea water [ENVO:00002150]; surface water [ENVO:00002042],2023-04-20 00:00:00,Bergen_Wa_230420,David Rees,NA,no_tide,2,,2,10,fi,3-200,3,200,Y,Niskin,WaSOP1,NA,2023-04-21 00:00:00,BIO upright -80C freezer; top shelf in upper section,-80,David Rees,NA,NA,NA,N,2023-06-12 00:00:00,2023-06-14 00:00:00,-70,,,,,,EMOBON_Bergen_Wa_62
EMO BON Bergen Wa 230420 0.2uM (1),EMOBON metagenome water sample from station Bergen collected on 2023-04-20 size fraction 0.2-3um,1874687,marine plankton metagenome,metagenome,seawater [ENVO:00002149]; coastal sea water [ENVO:00002150]; surface water [ENVO:00002042],2023-04-20 00:00:00,Bergen_Wa_230420,David Rees,NA,no_tide,2,,1,10,fi,0.2-3,0.2,3,Y,Niskin,WaSOP1,NA,2023-04-22 00:00:00,BIO upright -80C freezer; top shelf in upper section,-80,David Rees,NA,NA,NA,N,2023-06-12 00:00:00,2023-06-14 00:00:00,-70,,,,,,EMOBON_Bergen_Wa_63
EMO BON Bergen Wa 230420 0.2uM (2),EMOBON metagenome water sample from station Bergen collected on 2023-04-20 size fraction 0.2-3um,1874687,marine plankton metagenome,metagenome,seawater [ENVO:00002149]; coastal sea water [ENVO:00002150]; surface water [ENVO:00002042],2023-04-20 00:00:00,Bergen_Wa_230420,David Rees,NA,no_tide,2,,2,10,fi,0.2-3,0.2,3,Y,Niskin,WaSOP1,NA,2023-04-23 00:00:00,BIO upright -80C freezer; top shelf in upper section,-80,David Rees,NA,NA,NA,N,2023-06-12 00:00:00,2023-06-14 00:00:00,-70,,,,,,EMOBON_Bergen_Wa_64
EMO BON Bergen Wa 230420 3uM (3),EMOBON metagenome water sample from station Bergen collected on 2023-04-20 size fraction 3-200um,1874687,marine plankton metagenome,metagenome,seawater [ENVO:00002149]; coastal sea water [ENVO:00002150]; surface water [ENVO:00002042],2023-04-20 00:00:00,Bergen_Wa_230420,David Rees,NA,no_tide,2,,3,10,fi,3-200,3,200,Y,Niskin,WaSOP1,NA,2023-04-24 00:00:00,BIO upright -80C freezer; top shelf in upper section,-80,David Rees,NA,NA,NA,Y,NA,NA,NA,NA,NA,NA,NA,NA,EMOBON_Bergen_Wa_65
EMO BON Bergen Wa 230420 3uM (4),EMOBON metagenome water sample from station Bergen collected on 2023-04-20 size fraction 3-200um,1874687,marine plankton metagenome,metagenome,seawater [ENVO:00002149]; coastal sea water [ENVO:00002150]; surface water [ENVO:00002042],2023-04-20 00:00:00,Bergen_Wa_230420,David Rees,NA,no_tide,2,,4,10,fi,3-200,3,200,Y,Niskin,WaSOP1,NA,2023-04-25 00:00:00,BIO upright -80C freezer; top shelf in upper section,-80,David Rees,NA,NA,NA,Y,NA,NA,NA,NA,NA,NA,NA,NA,EMOBON_Bergen_Wa_66
EMO BON Bergen Wa 230420 0.2uM (3),EMOBON metagenome water sample from station Bergen collected on 2023-04-20 size fraction 0.2-3um,1874687,marine plankton metagenome,metagenome,seawater [ENVO:00002149]; coastal sea water [ENVO:00002150]; surface water [ENVO:00002042],2023-04-20 00:00:00,Bergen_Wa_230420,David Rees,NA,no_tide,2,,3,10,fi,0.2-3,0.2,3,Y,Niskin,WaSOP1,NA,2023-04-26 00:00:00,BIO upright -80C freezer; top shelf in upper section,-80,David Rees,NA,NA,NA,Y,NA,NA,NA,NA,NA,NA,NA,NA,EMOBON_Bergen_Wa_67
EMO BON Bergen Wa 230420 0.2uM (4),EMOBON metagenome water sample from station Bergen collected on 2023-04-20 size fraction 0.2-3um,1874687,marine plankton metagenome,metagenome,seawater [ENVO:00002149]; coastal sea water [ENVO:00002150]; surface water [ENVO:00002042],2023-04-20 00:00:00,Bergen_Wa_230420,David Rees,NA,no_tide,2,,4,10,fi,0.2-3,0.2,3,Y,Niskin,WaSOP1,NA,2023-04-27 00:00:00,BIO upright -80C freezer; top shelf in upper section,-80,David Rees,NA,NA,NA,Y,NA,NA,NA,NA,NA,NA,NA,NA,EMOBON_Bergen_Wa_68
EMO BON Bergen Wa 230420 3uM (blank),EMOBON metagenome water sample from station Bergen collected on 2023-04-20 size fraction 3-200um,256318,metagenome,metagenome,MilliQ water [ENVO:00003065],2023-04-20 00:00:00,Bergen_Wa_230420,David Rees,NA,no_tide,2,,blank_1,10,fi,3-200,3,200,Y,Niskin,WaSOP1,NA,2023-04-28 00:00:00,BIO upright -80C freezer; top shelf in upper section,-80,David Rees,NA,NA,NA,Y,NA,NA,NA,NA,NA,NA,NA,NA,EMOBON_Bergen_Wa_69
EMO BON Bergen Wa 230420 0.2uM (blank),EMOBON metagenome water sample from station Bergen collected on 2023-04-20 size fraction 0.2-3um,256318,metagenome,metagenome,MilliQ water [ENVO:00003065],2023-04-20 00:00:00,Bergen_Wa_230420,David Rees,NA,no_tide,2,,blank_1,10,fi,0.2-3,0.2,3,Y,Niskin,WaSOP1,NA,2023-04-29 00:00:00,BIO upright -80C freezer; top shelf in upper section,-80,David Rees,NA,NA,NA,Y,NA,NA,NA,NA,NA,NA,NA,NA,EMOBON_Bergen_Wa_70
EMO BON Bergen Wa 230628 3uM (1),EMOBON metagenome water sample from station Bergen collected on 2023-06-28 size fraction 3-200um,1874687,marine plankton metagenome,metagenome,seawater [ENVO:00002149]; coastal sea water [ENVO:00002150]; surface water [ENVO:00002042],2023-06-28 00:00:00,Bergen_Wa_230628,David Rees,NA,no_tide,2,,1,10,fi,3-200,3,200,Y,Niskin,WaSOP1,NA,2023-06-28 00:00:00,BIO upright -80C freezer; top shelf in upper section,-80,David Rees,NA,NA,NA,N,2023-09-19 00:00:00,2023-09-20 00:00:00,-70,,,,,,EMOBON_Bergen_Wa_71
EMO BON Bergen Wa 230628 3uM (2),EMOBON metagenome water sample from station Bergen collected on 2023-06-28 size fraction 3-200um,1874687,marine plankton metagenome,metagenome,seawater [ENVO:00002149]; coastal sea water [ENVO:00002150]; surface water [ENVO:00002042],2023-06-28 00:00:00,Bergen_Wa_230628,David Rees,NA,no_tide,2,,2,10,fi,3-200,3,200,Y,Niskin,WaSOP1,NA,2023-06-28 00:00:00,BIO upright -80C freezer; top shelf in upper section,-80,David Rees,NA,NA,NA,N,2023-09-19 00:00:00,2023-09-20 00:00:00,-70,,,,,,EMOBON_Bergen_Wa_72
EMO BON Bergen Wa 230628 0.2uM (1),EMOBON metagenome water sample from station Bergen collected on 2023-06-28 size fraction 0.2-3um,1874687,marine plankton metagenome,metagenome,seawater [ENVO:00002149]; coastal sea water [ENVO:00002150]; surface water [ENVO:00002042],2023-06-28 00:00:00,Bergen_Wa_230628,David Rees,NA,no_tide,2,,1,10,fi,0.2-3,0.2,3,Y,Niskin,WaSOP1,NA,2023-06-28 00:00:00,BIO upright -80C freezer; top shelf in upper section,-80,David Rees,NA,NA,NA,N,2023-09-19 00:00:00,2023-09-20 00:00:00,-70,,,,,,EMOBON_Bergen_Wa_73
EMO BON Bergen Wa 230628 0.2uM (2),EMOBON metagenome water sample from station Bergen collected on 2023-06-28 size fraction 0.2-3um,1874687,marine plankton metagenome,metagenome,seawater [ENVO:00002149]; coastal sea water [ENVO:00002150]; surface water [ENVO:00002042],2023-06-28 00:00:00,Bergen_Wa_230628,David Rees,NA,no_tide,2,,2,10,fi,0.2-3,0.2,3,Y,Niskin,WaSOP1,NA,2023-06-28 00:00:00,BIO upright -80C freezer; top shelf in upper section,-80,David Rees,NA,NA,NA,N,2023-09-19 00:00:00,2023-09-20 00:00:00,-70,,,,,,EMOBON_Bergen_Wa_74
EMO BON Bergen Wa 230628 3uM (3),EMOBON metagenome water sample from station Bergen collected on 2023-06-28 size fraction 3-200um,1874687,marine plankton metagenome,metagenome,seawater [ENVO:00002149]; coastal sea water [ENVO:00002150]; surface water [ENVO:00002042],2023-06-28 00:00:00,Bergen_Wa_230628,David Rees,NA,no_tide,2,,3,10,fi,3-200,3,200,Y,Niskin,WaSOP1,NA,2023-06-28 00:00:00,BIO upright -80C freezer; top shelf in upper section,-80,David Rees,NA,NA,NA,Y,NA,NA,NA,NA,NA,NA,NA,NA,EMOBON_Bergen_Wa_75
EMO BON Bergen Wa 230628 3uM (4),EMOBON metagenome water sample from station Bergen collected on 2023-06-28 size fraction 3-200um,1874687,marine plankton metagenome,metagenome,seawater [ENVO:00002149]; coastal sea water [ENVO:00002150]; surface water [ENVO:00002042],2023-06-28 00:00:00,Bergen_Wa_230628,David Rees,NA,no_tide,2,,4,10,fi,3-200,3,200,Y,Niskin,WaSOP1,NA,2023-06-28 00:00:00,BIO upright -80C freezer; top shelf in upper section,-80,David Rees,NA,NA,NA,Y,NA,NA,NA,NA,NA,NA,NA,NA,EMOBON_Bergen_Wa_76
EMO BON Bergen Wa 230628 0.2uM (3),EMOBON metagenome water sample from station Bergen collected on 2023-06-28 size fraction 0.2-3um,1874687,marine plankton metagenome,metagenome,seawater [ENVO:00002149]; coastal sea water [ENVO:00002150]; surface water [ENVO:00002042],2023-06-28 00:00:00,Bergen_Wa_230628,David Rees,NA,no_tide,2,,3,10,fi,0.2-3,0.2,3,Y,Niskin,WaSOP1,NA,2023-06-28 00:00:00,BIO upright -80C freezer; top shelf in upper section,-80,David Rees,NA,NA,NA,Y,NA,NA,NA,NA,NA,NA,NA,NA,EMOBON_Bergen_Wa_77
EMO BON Bergen Wa 230628 0.2uM (4),EMOBON metagenome water sample from station Bergen collected on 2023-06-28 size fraction 0.2-3um,1874687,marine plankton metagenome,metagenome,seawater [ENVO:00002149]; coastal sea water [ENVO:00002150]; surface water [ENVO:00002042],2023-06-28 00:00:00,Bergen_Wa_230628,David Rees,NA,no_tide,2,,4,10,fi,0.2-3,0.2,3,Y,Niskin,WaSOP1,NA,2023-06-28 00:00:00,BIO upright -80C freezer; top shelf in upper section,-80,David Rees,NA,NA,NA,Y,NA,NA,NA,NA,NA,NA,NA,NA,EMOBON_Bergen_Wa_78
EMO BON Bergen Wa 230628 3uM (blank),EMOBON metagenome water sample from station Bergen collected on 2023-06-28 size fraction 3-200um,256318,metagenome,metagenome,MilliQ water [ENVO:00003065],2023-06-28 00:00:00,Bergen_Wa_230628,David Rees,NA,no_tide,2,,blank_1,10,fi,3-200,3,200,Y,Niskin,WaSOP1,NA,2023-06-28 00:00:00,BIO upright -80C freezer; top shelf in upper section,-80,David Rees,NA,NA,NA,,NA,NA,NA,NA,NA,NA,NA,NA,EMOBON_Bergen_Wa_79
EMO BON Bergen Wa 230628 0.2uM (blank),EMOBON metagenome water sample from station Bergen collected on 2023-06-28 size fraction 0.2-3um,256318,metagenome,metagenome,MilliQ water [ENVO:00003065],2023-06-28 00:00:00,Bergen_Wa_230628,David Rees,NA,no_tide,2,,blank_1,10,fi,0.2-3,0.2,3,Y,Niskin,WaSOP1,NA,2023-06-28 00:00:00,BIO upright -80C freezer; top shelf in upper section,-80,David Rees,NA,NA,NA,,NA,NA,NA,NA,NA,NA,NA,NA,EMOBON_Bergen_Wa_80
EMO BON Bergen Wa 230821 3uM (1),EMOBON metagenome water sample from station Bergen collected on 2023-08-21 size fraction 3-200um,1874687,marine plankton metagenome,metagenome,seawater [ENVO:00002149]; coastal sea water [ENVO:00002150]; surface water [ENVO:00002042],2023-08-21 00:00:00,Bergen_Wa_230821,David Rees,NA,no_tide,2,,1,10,fi,3-200,3,200,Y,Niskin,WaSOP1,NA,2023-08-21 00:00:00,BIO upright -80C freezer; top shelf in upper section,-80,David Rees,NA,NA,NA,,2023-09-19 00:00:00,2023-09-20 00:00:00,-70,,,,,,EMOBON_Bergen_Wa_81
EMO BON Bergen Wa 230821 3uM (2),EMOBON metagenome water sample from station Bergen collected on 2023-08-21 size fraction 3-200um,1874687,marine plankton metagenome,metagenome,seawater [ENVO:00002149]; coastal sea water [ENVO:00002150]; surface water [ENVO:00002042],2023-08-21 00:00:00,Bergen_Wa_230821,David Rees,NA,no_tide,2,,2,10,fi,3-200,3,200,Y,Niskin,WaSOP1,NA,2023-08-21 00:00:00,BIO upright -80C freezer; top shelf in upper section,-80,David Rees,NA,NA,NA,,2023-09-19 00:00:00,2023-09-20 00:00:00,-70,,,,,,EMOBON_Bergen_Wa_82
EMO BON Bergen Wa 230821 0.2uM (1),EMOBON metagenome water sample from station Bergen collected on 2023-08-21 size fraction 0.2-3um,1874687,marine plankton metagenome,metagenome,seawater [ENVO:00002149]; coastal sea water [ENVO:00002150]; surface water [ENVO:00002042],2023-08-21 00:00:00,Bergen_Wa_230821,David Rees,NA,no_tide,2,,1,10,fi,0.2-3,0.2,3,Y,Niskin,WaSOP1,NA,2023-08-21 00:00:00,BIO upright -80C freezer; top shelf in upper section,-80,David Rees,NA,NA,NA,,,,,,,,,,EMOBON_Bergen_Wa_83
EMO BON Bergen Wa 230821 0.2uM (2),EMOBON metagenome water sample from station Bergen collected on 2023-08-21 size fraction 0.2-3um,1874687,marine plankton metagenome,metagenome,seawater [ENVO:00002149]; coastal sea water [ENVO:00002150]; surface water [ENVO:00002042],2023-08-21 00:00:00,Bergen_Wa_230821,David Rees,NA,no_tide,2,,2,10,fi,0.2-3,0.2,3,Y,Niskin,WaSOP1,NA,2023-08-21 00:00:00,BIO upright -80C freezer; top shelf in upper section,-80,David Rees,NA,NA,NA,,,,,,,,,,EMOBON_Bergen_Wa_84
EMO BON Bergen Wa 230821 3uM (3),EMOBON metagenome water sample from station Bergen collected on 2023-08-21 size fraction 3-200um,1874687,marine plankton metagenome,metagenome,seawater [ENVO:00002149]; coastal sea water [ENVO:00002150]; surface water [ENVO:00002042],2023-08-21 00:00:00,Bergen_Wa_230821,David Rees,NA,no_tide,2,,3,10,fi,3-200,3,200,Y,Niskin,WaSOP1,NA,2023-08-21 00:00:00,BIO upright -80C freezer; top shelf in upper section,-80,David Rees,NA,NA,NA,,NA,NA,NA,NA,NA,NA,NA,NA,EMOBON_Bergen_Wa_85
EMO BON Bergen Wa 230821 3uM (4),EMOBON metagenome water sample from station Bergen collected on 2023-08-21 size fraction 3-200um,1874687,marine plankton metagenome,metagenome,seawater [ENVO:00002149]; coastal sea water [ENVO:00002150]; surface water [ENVO:00002042],2023-08-21 00:00:00,Bergen_Wa_230821,David Rees,NA,no_tide,2,,4,10,fi,3-200,3,200,Y,Niskin,WaSOP1,NA,2023-08-21 00:00:00,BIO upright -80C freezer; top shelf in upper section,-80,David Rees,NA,NA,NA,,NA,NA,NA,NA,NA,NA,NA,NA,EMOBON_Bergen_Wa_86
EMO BON Bergen Wa 230821 0.2uM (3),EMOBON metagenome water sample from station Bergen collected on 2023-08-21 size fraction 0.2-3um,1874687,marine plankton metagenome,metagenome,seawater [ENVO:00002149]; coastal sea water [ENVO:00002150]; surface water [ENVO:00002042],2023-08-21 00:00:00,Bergen_Wa_230821,David Rees,NA,no_tide,2,,3,10,fi,0.2-3,0.2,3,Y,Niskin,WaSOP1,NA,2023-08-21 00:00:00,BIO upright -80C freezer; top shelf in upper section,-80,David Rees,NA,NA,NA,,NA,NA,NA,NA,NA,NA,NA,NA,EMOBON_Bergen_Wa_87
EMO BON Bergen Wa 230821 0.2uM (4),EMOBON metagenome water sample from station Bergen collected on 2023-08-21 size fraction 0.2-3um,1874687,marine plankton metagenome,metagenome,seawater [ENVO:00002149]; coastal sea water [ENVO:00002150]; surface water [ENVO:00002042],2023-08-21 00:00:00,Bergen_Wa_230821,David Rees,NA,no_tide,2,,4,10,fi,0.2-3,0.2,3,Y,Niskin,WaSOP1,NA,2023-08-21 00:00:00,BIO upright -80C freezer; top shelf in upper section,-80,David Rees,NA,NA,NA,,NA,NA,NA,NA,NA,NA,NA,NA,EMOBON_Bergen_Wa_88
EMO BON Bergen Wa 230821 3uM (blank),EMOBON metagenome water sample from station Bergen collected on 2023-08-21 size fraction 3-200um,256318,metagenome,metagenome,MilliQ water [ENVO:00003065],2023-08-21 00:00:00,Bergen_Wa_230821,David Rees,NA,no_tide,2,,blank_1,10,fi,3-200,3,200,Y,Niskin,WaSOP1,NA,2023-08-21 00:00:00,BIO upright -80C freezer; top shelf in upper section,-80,David Rees,NA,NA,NA,,2023-09-19 00:00:00,2023-09-20 00:00:00,-70,NA,NA,NA,NA,NA,EMOBON_Bergen_Wa_89
EMO BON Bergen Wa 230821 0.2uM (blank),EMOBON metagenome water sample from station Bergen collected on 2023-08-21 size fraction 0.2-3um,256318,metagenome,metagenome,MilliQ water [ENVO:00003065],2023-08-21 00:00:00,Bergen_Wa_230821,David Rees,NA,no_tide,2,,blank_1,10,fi,0.2-3,0.2,3,Y,Niskin,WaSOP1,NA,2023-08-21 00:00:00,BIO upright -80C freezer; top shelf in upper section,-80,David Rees,NA,NA,NA,,2023-09-19 00:00:00,2023-09-20 00:00:00,-70,NA,NA,NA,NA,NA,EMOBON_Bergen_Wa_90
EMO BON Bergen Wa 231025 3uM (1),EMOBON metagenome water sample from station Bergen collected on 2023-10-25 size fraction 3-200um,1874687,marine plankton metagenome,metagenome,seawater [ENVO:00002149]; coastal sea water [ENVO:00002150]; surface water [ENVO:00002042],2023-10-25 00:00:00,Bergen_Wa_231025,David Rees,NA,no_tide,2,,1,10,fi,3-200,3,200,Y,Niskin,WaSOP1,NA,2023-10-25 00:00:00,BIO upright -80C freezer; top shelf in upper section,-80,David Rees,NA,NA,NA,,to ship,NA,NA,NA,NA,NA,NA,NA,EMOBON_Bergen_Wa_91
EMO BON Bergen Wa 231025 3uM (2),EMOBON metagenome water sample from station Bergen collected on 2023-10-25 size fraction 3-200um,1874687,marine plankton metagenome,metagenome,seawater [ENVO:00002149]; coastal sea water [ENVO:00002150]; surface water [ENVO:00002042],2023-10-25 00:00:00,Bergen_Wa_231025,David Rees,NA,no_tide,2,,2,10,fi,3-200,3,200,Y,Niskin,WaSOP1,NA,2023-10-25 00:00:00,BIO upright -80C freezer; top shelf in upper section,-80,David Rees,NA,NA,NA,,to ship,NA,NA,NA,NA,NA,NA,NA,EMOBON_Bergen_Wa_92
EMO BON Bergen Wa 231025 0.2uM (1),EMOBON metagenome water sample from station Bergen collected on 2023-10-25 size fraction 0.2-3um,1874687,marine plankton metagenome,metagenome,seawater [ENVO:00002149]; coastal sea water [ENVO:00002150]; surface water [ENVO:00002042],2023-10-25 00:00:00,Bergen_Wa_231025,David Rees,NA,no_tide,2,,1,10,fi,0.2-3,0.2,3,Y,Niskin,WaSOP1,NA,2023-10-25 00:00:00,BIO upright -80C freezer; top shelf in upper section,-80,David Rees,NA,NA,NA,,to ship,NA,NA,NA,NA,NA,NA,NA,EMOBON_Bergen_Wa_93
EMO BON Bergen Wa 231025 0.2uM (2),EMOBON metagenome water sample from station Bergen collected on 2023-10-25 size fraction 0.2-3um,1874687,marine plankton metagenome,metagenome,seawater [ENVO:00002149]; coastal sea water [ENVO:00002150]; surface water [ENVO:00002042],2023-10-25 00:00:00,Bergen_Wa_231025,David Rees,NA,no_tide,2,,2,10,fi,0.2-3,0.2,3,Y,Niskin,WaSOP1,NA,2023-10-25 00:00:00,BIO upright -80C freezer; top shelf in upper section,-80,David Rees,NA,NA,NA,,to ship,NA,NA,NA,NA,NA,NA,NA,EMOBON_Bergen_Wa_94
EMO BON Bergen Wa 231025 3uM (3),EMOBON metagenome water sample from station Bergen collected on 2023-10-25 size fraction 3-200um,1874687,marine plankton metagenome,metagenome,seawater [ENVO:00002149]; coastal sea water [ENVO:00002150]; surface water [ENVO:00002042],2023-10-25 00:00:00,Bergen_Wa_231025,David Rees,NA,no_tide,2,,3,10,fi,3-200,3,200,Y,Niskin,WaSOP1,NA,2023-10-25 00:00:00,BIO upright -80C freezer; top shelf in upper section,-80,David Rees,NA,NA,NA,,NA,NA,NA,NA,NA,NA,NA,NA,EMOBON_Bergen_Wa_95
EMO BON Bergen Wa 231025 3uM (4),EMOBON metagenome water sample from station Bergen collected on 2023-10-25 size fraction 3-200um,1874687,marine plankton metagenome,metagenome,seawater [ENVO:00002149]; coastal sea water [ENVO:00002150]; surface water [ENVO:00002042],2023-10-25 00:00:00,Bergen_Wa_231025,David Rees,NA,no_tide,2,,4,10,fi,3-200,3,200,Y,Niskin,WaSOP1,NA,2023-10-25 00:00:00,BIO upright -80C freezer; top shelf in upper section,-80,David Rees,NA,NA,NA,,NA,NA,NA,NA,NA,NA,NA,NA,EMOBON_Bergen_Wa_96
EMO BON Bergen Wa 231025 0.2uM (3),EMOBON metagenome water sample from station Bergen collected on 2023-10-25 size fraction 0.2-3um,1874687,marine plankton metagenome,metagenome,seawater [ENVO:00002149]; coastal sea water [ENVO:00002150]; surface water [ENVO:00002042],2023-10-25 00:00:00,Bergen_Wa_231025,David Rees,NA,no_tide,2,,3,10,fi,0.2-3,0.2,3,Y,Niskin,WaSOP1,NA,2023-10-25 00:00:00,BIO upright -80C freezer; top shelf in upper section,-80,David Rees,NA,NA,NA,,NA,NA,NA,NA,NA,NA,NA,NA,EMOBON_Bergen_Wa_97
EMO BON Bergen Wa 231025 0.2uM (4),EMOBON metagenome water sample from station Bergen collected on 2023-10-25 size fraction 0.2-3um,1874687,marine plankton metagenome,metagenome,seawater [ENVO:00002149]; coastal sea water [ENVO:00002150]; surface water [ENVO:00002042],2023-10-25 00:00:00,Bergen_Wa_231025,David Rees,NA,no_tide,2,,4,10,fi,0.2-3,0.2,3,Y,Niskin,WaSOP1,NA,2023-10-25 00:00:00,BIO upright -80C freezer; top shelf in upper section,-80,David Rees,NA,NA,NA,,NA,NA,NA,NA,NA,NA,NA,NA,EMOBON_Bergen_Wa_98
EMO BON Bergen Wa 231025 3uM (blank),EMOBON metagenome water sample from station Bergen collected on 2023-10-25 size fraction 3-200um,256318,metagenome,metagenome,MilliQ water [ENVO:00003065],2023-10-25 00:00:00,Bergen_Wa_231025,David Rees,NA,no_tide,2,,blank_1,10,fi,3-200,3,200,N,Niskin,WaSOP1,NA,2023-10-25 00:00:00,BIO upright -80C freezer; top shelf in upper section,-80,David Rees,NA,NA,NA,,NA,NA,NA,NA,NA,NA,NA,NA,EMOBON_Bergen_Wa_99
EMO BON Bergen Wa 231025 0.2uM (blank),EMOBON metagenome water sample from station Bergen collected on 2023-10-25 size fraction 0.2-3um,256318,metagenome,metagenome,MilliQ water [ENVO:00003065],2023-10-25 00:00:00,Bergen_Wa_231025,David Rees,NA,no_tide,2,,blank_1,10,fi,0.2-3,0.2,3,N,Niskin,WaSOP1,NA,2023-10-25 00:00:00,BIO upright -80C freezer; top shelf in upper section,-80,David Rees,NA,NA,NA,,NA,NA,NA,NA,NA,NA,NA,NA,EMOBON_Bergen_Wa_100
EMO BON Bergen Wa 231218 3uM (1),EMOBON metagenome water sample from station Bergen collected on 2023-12-18 size fraction 3-200um,1874687,marine plankton metagenome,metagenome,seawater [ENVO:00002149]; coastal sea water [ENVO:00002150]; surface water [ENVO:00002042],2023-12-18 00:00:00,Bergen_Wa_231218,David Rees,NA,no_tide,2,,1,10,fi,3-200,3,200,Y,Niskin,WaSOP1,NA,2023-12-18 00:00:00,BIO upright -80C freezer; top shelf in upper section,-80,David Rees,NA,NA,NA,,to ship,NA,NA,NA,NA,NA,NA,NA,EMOBON_Bergen_Wa_101
EMO BON Bergen Wa 231218 3uM (2),EMOBON metagenome water sample from station Bergen collected on 2023-12-18 size fraction 3-200um,1874687,marine plankton metagenome,metagenome,seawater [ENVO:00002149]; coastal sea water [ENVO:00002150]; surface water [ENVO:00002042],2023-12-18 00:00:00,Bergen_Wa_231218,David Rees,NA,no_tide,2,,2,10,fi,3-200,3,200,Y,Niskin,WaSOP1,NA,2023-12-18 00:00:00,BIO upright -80C freezer; top shelf in upper section,-80,David Rees,NA,NA,NA,,to ship,NA,NA,NA,NA,NA,NA,NA,EMOBON_Bergen_Wa_102
EMO BON Bergen Wa 231218 0.2uM (1),EMOBON metagenome water sample from station Bergen collected on 2023-12-18 size fraction 0.2-3um,1874687,marine plankton metagenome,metagenome,seawater [ENVO:00002149]; coastal sea water [ENVO:00002150]; surface water [ENVO:00002042],2023-12-18 00:00:00,Bergen_Wa_231218,David Rees,NA,no_tide,2,,1,10,fi,0.2-3,0.2,3,Y,Niskin,WaSOP1,NA,2023-12-18 00:00:00,BIO upright -80C freezer; top shelf in upper section,-80,David Rees,NA,NA,NA,,to ship,NA,NA,NA,NA,NA,NA,NA,EMOBON_Bergen_Wa_103
EMO BON Bergen Wa 231218 0.2uM (2),EMOBON metagenome water sample from station Bergen collected on 2023-12-18 size fraction 0.2-3um,1874687,marine plankton metagenome,metagenome,seawater [ENVO:00002149]; coastal sea water [ENVO:00002150]; surface water [ENVO:00002042],2023-12-18 00:00:00,Bergen_Wa_231218,David Rees,NA,no_tide,2,,2,10,fi,0.2-3,0.2,3,Y,Niskin,WaSOP1,NA,2023-12-18 00:00:00,BIO upright -80C freezer; top shelf in upper section,-80,David Rees,NA,NA,NA,,to ship,NA,NA,NA,NA,NA,NA,NA,EMOBON_Bergen_Wa_104
EMO BON Bergen Wa 231218 3uM (3),EMOBON metagenome water sample from station Bergen collected on 2023-12-18 size fraction 3-200um,1874687,marine plankton metagenome,metagenome,seawater [ENVO:00002149]; coastal sea water [ENVO:00002150]; surface water [ENVO:00002042],2023-12-18 00:00:00,Bergen_Wa_231218,David Rees,NA,no_tide,2,,3,10,fi,3-200,3,200,Y,Niskin,WaSOP1,NA,2023-12-18 00:00:00,BIO upright -80C freezer; top shelf in upper section,-80,David Rees,NA,NA,NA,,NA,NA,NA,NA,NA,NA,NA,NA,EMOBON_Bergen_Wa_105
EMO BON Bergen Wa 231218 3uM (4),EMOBON metagenome water sample from station Bergen collected on 2023-12-18 size fraction 3-200um,1874687,marine plankton metagenome,metagenome,seawater [ENVO:00002149]; coastal sea water [ENVO:00002150]; surface water [ENVO:00002042],2023-12-18 00:00:00,Bergen_Wa_231218,David Rees,NA,no_tide,2,,4,10,fi,3-200,3,200,Y,Niskin,WaSOP1,NA,2023-12-18 00:00:00,BIO upright -80C freezer; top shelf in upper section,-80,David Rees,NA,NA,NA,,NA,NA,NA,NA,NA,NA,NA,NA,EMOBON_Bergen_Wa_106
EMO BON Bergen Wa 231218 0.2uM (3),EMOBON metagenome water sample from station Bergen collected on 2023-12-18 size fraction 0.2-3um,1874687,marine plankton metagenome,metagenome,seawater [ENVO:00002149]; coastal sea water [ENVO:00002150]; surface water [ENVO:00002042],2023-12-18 00:00:00,Bergen_Wa_231218,David Rees,NA,no_tide,2,,3,10,fi,0.2-3,0.2,3,Y,Niskin,WaSOP1,NA,2023-12-18 00:00:00,BIO upright -80C freezer; top shelf in upper section,-80,David Rees,NA,NA,NA,,NA,NA,NA,NA,NA,NA,NA,NA,EMOBON_Bergen_Wa_107
EMO BON Bergen Wa 231218 0.2uM (4),EMOBON metagenome water sample from station Bergen collected on 2023-12-18 size fraction 0.2-3um,1874687,marine plankton metagenome,metagenome,seawater [ENVO:00002149]; coastal sea water [ENVO:00002150]; surface water [ENVO:00002042],2023-12-18 00:00:00,Bergen_Wa_231218,David Rees,NA,no_tide,2,,4,10,fi,0.2-3,0.2,3,Y,Niskin,WaSOP1,NA,2023-12-18 00:00:00,BIO upright -80C freezer; top shelf in upper section,-80,David Rees,NA,NA,NA,,NA,NA,NA,NA,NA,NA,NA,NA,EMOBON_Bergen_Wa_108
EMO BON Bergen Wa 231218 3uM (blank),EMOBON metagenome water sample from station Bergen collected on 2023-12-18 size fraction 3-200um,1874687,marine plankton metagenome,metagenome,MilliQ water [ENVO:00003065],2023-12-18 00:00:00,Bergen_Wa_231218,David Rees,NA,no_tide,2,,blank_1,10,fi,3-200,3,200,N,Niskin,WaSOP1,NA,2023-12-18 00:00:00,BIO upright -80C freezer; top shelf in upper section,-80,David Rees,NA,NA,NA,,NA,NA,NA,NA,NA,NA,NA,NA,EMOBON_Bergen_Wa_109
EMO BON Bergen Wa 231218 0.2uM (blank),EMOBON metagenome water sample from station Bergen collected on 2023-12-18 size fraction 0.2-3um,1874687,marine plankton metagenome,metagenome,MilliQ water [ENVO:00003065],2023-12-18 00:00:00,Bergen_Wa_231218,David Rees,NA,no_tide,2,,blank_1,10,fi,0.2-3,0.2,3,N,Niskin,WaSOP1,NA,2023-12-18 00:00:00,BIO upright -80C freezer; top shelf in upper section,-80,David Rees,NA,NA,NA,,NA,NA,NA,NA,NA,NA,NA,NA,EMOBON_Bergen_Wa_110
EMO BON Bergen Wa 240228 3uM (1),EMOBON metagenome water sample from station Bergen collected on 2024-02-28 size fraction 3-200um,1874687,marine plankton metagenome,metagenome,seawater [ENVO:00002149]; coastal sea water [ENVO:00002150]; surface water [ENVO:00002042],2024-02-28 00:00:00,Bergen_Wa_240228,David Rees,NA,no_tide,2,,1,10,fi,3-200,3,200,Y,Niskin,WaSOP1,NA,2024-02-28 00:00:00,BIO upright -80C freezer; top shelf in upper section,-80,David Rees,NA,NA,NA,,to ship,NA,NA,NA,NA,NA,NA,NA,EMOBON_Bergen_Wa_111
EMO BON Bergen Wa 240228 3uM (2),EMOBON metagenome water sample from station Bergen collected on 2024-02-28 size fraction 3-200um,1874687,marine plankton metagenome,metagenome,seawater [ENVO:00002149]; coastal sea water [ENVO:00002150]; surface water [ENVO:00002042],2024-02-28 00:00:00,Bergen_Wa_240228,David Rees,NA,no_tide,2,,2,10,fi,3-200,3,200,Y,Niskin,WaSOP1,NA,2024-02-28 00:00:00,BIO upright -80C freezer; top shelf in upper section,-80,David Rees,NA,NA,NA,,to ship,NA,NA,NA,NA,NA,NA,NA,EMOBON_Bergen_Wa_112
EMO BON Bergen Wa 240228 0.2uM (1),EMOBON metagenome water sample from station Bergen collected on 2024-02-28 size fraction 0.2-3um,1874687,marine plankton metagenome,metagenome,seawater [ENVO:00002149]; coastal sea water [ENVO:00002150]; surface water [ENVO:00002042],2024-02-28 00:00:00,Bergen_Wa_240228,David Rees,NA,no_tide,2,,1,10,fi,0.2-3,0.2,3,Y,Niskin,WaSOP1,NA,2024-02-28 00:00:00,BIO upright -80C freezer; top shelf in upper section,-80,David Rees,NA,NA,NA,,to ship,NA,NA,NA,NA,NA,NA,NA,EMOBON_Bergen_Wa_113
EMO BON Bergen Wa 240228 0.2uM (2),EMOBON metagenome water sample from station Bergen collected on 2024-02-28 size fraction 0.2-3um,1874687,marine plankton metagenome,metagenome,seawater [ENVO:00002149]; coastal sea water [ENVO:00002150]; surface water [ENVO:00002042],2024-02-28 00:00:00,Bergen_Wa_240228,David Rees,NA,no_tide,2,,2,10,fi,0.2-3,0.2,3,Y,Niskin,WaSOP1,NA,2024-02-28 00:00:00,BIO upright -80C freezer; top shelf in upper section,-80,David Rees,NA,NA,NA,,to ship,NA,NA,NA,NA,NA,NA,NA,EMOBON_Bergen_Wa_114
EMO BON Bergen Wa 240228 3uM (3),EMOBON metagenome water sample from station Bergen collected on 2024-02-28 size fraction 3-200um,1874687,marine plankton metagenome,metagenome,seawater [ENVO:00002149]; coastal sea water [ENVO:00002150]; surface water [ENVO:00002042],2024-02-28 00:00:00,Bergen_Wa_240228,David Rees,NA,no_tide,2,,3,10,fi,3-200,3,200,Y,Niskin,WaSOP1,NA,2024-02-28 00:00:00,BIO upright -80C freezer; top shelf in upper section,-80,David Rees,NA,NA,NA,,NA,NA,NA,NA,NA,NA,NA,NA,EMOBON_Bergen_Wa_115
EMO BON Bergen Wa 240228 3uM (4),EMOBON metagenome water sample from station Bergen collected on 2024-02-28 size fraction 3-200um,1874687,marine plankton metagenome,metagenome,seawater [ENVO:00002149]; coastal sea water [ENVO:00002150]; surface water [ENVO:00002042],2024-02-28 00:00:00,Bergen_Wa_240228,David Rees,NA,no_tide,2,,4,10,fi,3-200,3,200,Y,Niskin,WaSOP1,NA,2024-02-28 00:00:00,BIO upright -80C freezer; top shelf in upper section,-80,David Rees,NA,NA,NA,,NA,NA,NA,NA,NA,NA,NA,NA,EMOBON_Bergen_Wa_116
EMO BON Bergen Wa 240228 0.2uM (3),EMOBON metagenome water sample from station Bergen collected on 2024-02-28 size fraction 0.2-3um,1874687,marine plankton metagenome,metagenome,seawater [ENVO:00002149]; coastal sea water [ENVO:00002150]; surface water [ENVO:00002042],2024-02-28 00:00:00,Bergen_Wa_240228,David Rees,NA,no_tide,2,,3,10,fi,0.2-3,0.2,3,Y,Niskin,WaSOP1,NA,2024-02-28 00:00:00,BIO upright -80C freezer; top shelf in upper section,-80,David Rees,NA,NA,NA,,NA,NA,NA,NA,NA,NA,NA,NA,EMOBON_Bergen_Wa_117
EMO BON Bergen Wa 240228 0.2uM (4),EMOBON metagenome water sample from station Bergen collected on 2024-02-28 size fraction 0.2-3um,1874687,marine plankton metagenome,metagenome,seawater [ENVO:00002149]; coastal sea water [ENVO:00002150]; surface water [ENVO:00002042],2024-02-28 00:00:00,Bergen_Wa_240228,David Rees,NA,no_tide,2,,4,10,fi,0.2-3,0.2,3,Y,Niskin,WaSOP1,NA,2024-02-28 00:00:00,BIO upright -80C freezer; top shelf in upper section,-80,David Rees,NA,NA,NA,,NA,NA,NA,NA,NA,NA,NA,NA,EMOBON_Bergen_Wa_118
EMO BON Bergen Wa 240228 3uM (blank),EMOBON metagenome water sample from station Bergen collected on 2024-02-28 size fraction 3-200um,1874687,marine plankton metagenome,metagenome,MilliQ water [ENVO:00003065],2024-02-28 00:00:00,Bergen_Wa_240228,David Rees,NA,no_tide,2,,blank_1,10,fi,3-200,3,200,N,Niskin,WaSOP1,NA,2024-02-28 00:00:00,BIO upright -80C freezer; top shelf in upper section,-80,David Rees,NA,NA,NA,,NA,NA,NA,NA,NA,NA,NA,NA,EMOBON_Bergen_Wa_119
EMO BON Bergen Wa 240228 0.2uM (blank),EMOBON metagenome water sample from station Bergen collected on 2024-02-28 size fraction 0.2-3um,1874687,marine plankton metagenome,metagenome,MilliQ water [ENVO:00003065],2024-02-28 00:00:00,Bergen_Wa_240228,David Rees,NA,no_tide,2,,blank_1,10,fi,0.2-3,0.2,3,N,Niskin,WaSOP1,NA,2024-02-28 00:00:00,BIO upright -80C freezer; top shelf in upper section,-80,David Rees,NA,NA,NA,,NA,NA,NA,NA,NA,NA,NA,NA,EMOBON_Bergen_Wa_120
EMOBON_Bergen_Wa_240426_3um_1,EMOBON metagenome water sample from station Bergen collected on 2024-04-26 size fraction 3-200um,1874687,marine plankton metagenome,metagenome,seawater [ENVO:00002149]; coastal sea water [ENVO:00002150]; surface water [ENVO:00002042],2024-04-26 00:00:00,Bergen_Wa_240426,David Rees,NA,no_tide,2,,1,10,fi,3-200,3,200,Y,Niskin,WaSOP1,NA,2024-04-26 00:00:00,BIO upright -80C freezer; top shelf in upper section,-80,David Rees,NA,NA,NA,,to ship,NA,NA,NA,NA,NA,NA,NA,EMOBON_Bergen_Wa_121
EMOBON_Bergen_Wa_240426_3um_2,EMOBON metagenome water sample from station Bergen collected on 2024-04-26 size fraction 3-200um,1874687,marine plankton metagenome,metagenome,seawater [ENVO:00002149]; coastal sea water [ENVO:00002150]; surface water [ENVO:00002042],2024-04-26 00:00:00,Bergen_Wa_240426,David Rees,NA,no_tide,2,,2,10,fi,3-200,3,200,Y,Niskin,WaSOP1,NA,2024-04-26 00:00:00,BIO upright -80C freezer; top shelf in upper section,-80,David Rees,NA,NA,NA,,to ship,NA,NA,NA,NA,NA,NA,NA,EMOBON_Bergen_Wa_122
EMOBON_Bergen_Wa_240426_0.2um_1,EMOBON metagenome water sample from station Bergen collected on 2024-04-26 size fraction 0.2-3um,1874687,marine plankton metagenome,metagenome,seawater [ENVO:00002149]; coastal sea water [ENVO:00002150]; surface water [ENVO:00002042],2024-04-26 00:00:00,Bergen_Wa_240426,David Rees,NA,no_tide,2,,1,10,fi,0.2-3,0.2,3,Y,Niskin,WaSOP1,NA,2024-04-26 00:00:00,BIO upright -80C freezer; top shelf in upper section,-80,David Rees,NA,NA,NA,,to ship,NA,NA,NA,NA,NA,NA,NA,EMOBON_Bergen_Wa_123
EMOBON_Bergen_Wa_240426_0.2um_2,EMOBON metagenome water sample from station Bergen collected on 2024-04-26 size fraction 0.2-3um,1874687,marine plankton metagenome,metagenome,seawater [ENVO:00002149]; coastal sea water [ENVO:00002150]; surface water [ENVO:00002042],2024-04-26 00:00:00,Bergen_Wa_240426,David Rees,NA,no_tide,2,,2,10,fi,0.2-3,0.2,3,Y,Niskin,WaSOP1,NA,2024-04-26 00:00:00,BIO upright -80C freezer; top shelf in upper section,-80,David Rees,NA,NA,NA,,to ship,NA,NA,NA,NA,NA,NA,NA,EMOBON_Bergen_Wa_124
EMOBON_Bergen_Wa_240426_3um_3,EMOBON metagenome water sample from station Bergen collected on 2024-04-26 size fraction 3-200um,1874687,marine plankton metagenome,metagenome,seawater [ENVO:00002149]; coastal sea water [ENVO:00002150]; surface water [ENVO:00002042],2024-04-26 00:00:00,Bergen_Wa_240426,David Rees,NA,no_tide,2,,3,10,fi,3-200,3,200,Y,Niskin,WaSOP1,NA,2024-04-26 00:00:00,BIO upright -80C freezer; top shelf in upper section,-80,David Rees,NA,NA,NA,,NA,NA,NA,NA,NA,NA,NA,NA,EMOBON_Bergen_Wa_125
EMOBON_Bergen_Wa_240426_3um_4,EMOBON metagenome water sample from station Bergen collected on 2024-04-26 size fraction 3-200um,1874687,marine plankton metagenome,metagenome,seawater [ENVO:00002149]; coastal sea water [ENVO:00002150]; surface water [ENVO:00002042],2024-04-26 00:00:00,Bergen_Wa_240426,David Rees,NA,no_tide,2,,4,10,fi,3-200,3,200,Y,Niskin,WaSOP1,NA,2024-04-26 00:00:00,BIO upright -80C freezer; top shelf in upper section,-80,David Rees,NA,NA,NA,,NA,NA,NA,NA,NA,NA,NA,NA,EMOBON_Bergen_Wa_126
EMOBON_Bergen_Wa_240426_0.2um_3,EMOBON metagenome water sample from station Bergen collected on 2024-04-26 size fraction 0.2-3um,1874687,marine plankton metagenome,metagenome,seawater [ENVO:00002149]; coastal sea water [ENVO:00002150]; surface water [ENVO:00002042],2024-04-26 00:00:00,Bergen_Wa_240426,David Rees,NA,no_tide,2,,3,10,fi,0.2-3,0.2,3,Y,Niskin,WaSOP1,NA,2024-04-26 00:00:00,BIO upright -80C freezer; top shelf in upper section,-80,David Rees,NA,NA,NA,,NA,NA,NA,NA,NA,NA,NA,NA,EMOBON_Bergen_Wa_127
EMOBON_Bergen_Wa_240426_0.2um_4,EMOBON metagenome water sample from station Bergen collected on 2024-04-26 size fraction 0.2-3um,1874687,marine plankton metagenome,metagenome,seawater [ENVO:00002149]; coastal sea water [ENVO:00002150]; surface water [ENVO:00002042],2024-04-26 00:00:00,Bergen_Wa_240426,David Rees,NA,no_tide,2,,4,10,fi,0.2-3,0.2,3,Y,Niskin,WaSOP1,NA,2024-04-26 00:00:00,BIO upright -80C freezer; top shelf in upper section,-80,David Rees,NA,NA,NA,,NA,NA,NA,NA,NA,NA,NA,NA,EMOBON_Bergen_Wa_128
EMOBON_Bergen_Wa_240426_3um_blank,EMOBON metagenome water sample from station Bergen collected on 2024-04-26 size fraction 3-200um,1874687,marine plankton metagenome,metagenome,MilliQ water [ENVO:00003065],2024-04-26 00:00:00,Bergen_Wa_240426,David Rees,NA,no_tide,2,,blank_1,10,fi,3-200,3,200,N,Niskin,WaSOP1,NA,2024-04-26 00:00:00,BIO upright -80C freezer; top shelf in upper section,-80,David Rees,NA,NA,NA,,NA,NA,NA,NA,NA,NA,NA,NA,EMOBON_Bergen_Wa_129
EMOBON_Bergen_Wa_240426_0.2um_blank,EMOBON metagenome water sample from station Bergen collected on 2024-04-26 size fraction 0.2-3um,1874687,marine plankton metagenome,metagenome,MilliQ water [ENVO:00003065],2024-04-26 00:00:00,Bergen_Wa_240426,David Rees,NA,no_tide,2,,blank_1,10,fi,0.2-3,0.2,3,N,Niskin,WaSOP1,NA,2024-04-26 00:00:00,BIO upright -80C freezer; top shelf in upper section,-80,David Rees,NA,NA,NA,,NA,NA,NA,NA,NA,NA,NA,NA,EMOBON_Bergen_Wa_130
EMOBON_Bergen_Wa_240628_3um_1,EMOBON metagenome water sample from station Bergen collected on 2024-06-28 size fraction 3-200um,1874687,marine plankton metagenome,metagenome,seawater [ENVO:00002149]; coastal sea water [ENVO:00002150]; surface water [ENVO:00002042],2024-06-28 00:00:00,Bergen_Wa_240628,David Rees,NA,no_tide,2,,1,10,fi,3-200,3,200,Y,Niskin,WaSOP1,NA,2024-06-28 00:00:00,BIO upright -80C freezer; top shelf in upper section,-80,David Rees,NA,NA,NA,,to ship,NA,NA,NA,NA,NA,NA,NA,EMOBON_Bergen_Wa_131
EMOBON_Bergen_Wa_240628_3um_2,EMOBON metagenome water sample from station Bergen collected on 2024-06-28 size fraction 3-200um,1874687,marine plankton metagenome,metagenome,seawater [ENVO:00002149]; coastal sea water [ENVO:00002150]; surface water [ENVO:00002042],2024-06-28 00:00:00,Bergen_Wa_240628,David Rees,NA,no_tide,2,,2,10,fi,3-200,3,200,Y,Niskin,WaSOP1,NA,2024-06-28 00:00:00,BIO upright -80C freezer; top shelf in upper section,-80,David Rees,NA,NA,NA,,to ship,NA,NA,NA,NA,NA,NA,NA,EMOBON_Bergen_Wa_132
EMOBON_Bergen_Wa_240628_0.2um_1,EMOBON metagenome water sample from station Bergen collected on 2024-06-28 size fraction 0.2-3um,1874687,marine plankton metagenome,metagenome,seawater [ENVO:00002149]; coastal sea water [ENVO:00002150]; surface water [ENVO:00002042],2024-06-28 00:00:00,Bergen_Wa_240628,David Rees,NA,no_tide,2,,1,10,fi,0.2-3,0.2,3,Y,Niskin,WaSOP1,NA,2024-06-28 00:00:00,BIO upright -80C freezer; top shelf in upper section,-80,David Rees,NA,NA,NA,,to ship,NA,NA,NA,NA,NA,NA,NA,EMOBON_Bergen_Wa_133
EMOBON_Bergen_Wa_240628_0.2um_2,EMOBON metagenome water sample from station Bergen collected on 2024-06-28 size fraction 0.2-3um,1874687,marine plankton metagenome,metagenome,seawater [ENVO:00002149]; coastal sea water [ENVO:00002150]; surface water [ENVO:00002042],2024-06-28 00:00:00,Bergen_Wa_240628,David Rees,NA,no_tide,2,,2,10,fi,0.2-3,0.2,3,Y,Niskin,WaSOP1,NA,2024-06-28 00:00:00,BIO upright -80C freezer; top shelf in upper section,-80,David Rees,NA,NA,NA,,to ship,NA,NA,NA,NA,NA,NA,NA,EMOBON_Bergen_Wa_134
EMOBON_Bergen_Wa_240628_3um_3,EMOBON metagenome water sample from station Bergen collected on 2024-06-28 size fraction 3-200um,1874687,marine plankton metagenome,metagenome,seawater [ENVO:00002149]; coastal sea water [ENVO:00002150]; surface water [ENVO:00002042],2024-06-28 00:00:00,Bergen_Wa_240628,David Rees,NA,no_tide,2,,3,10,fi,3-200,3,200,Y,Niskin,WaSOP1,NA,2024-06-28 00:00:00,BIO upright -80C freezer; top shelf in upper section,-80,David Rees,NA,NA,NA,,NA,NA,NA,NA,NA,NA,NA,NA,EMOBON_Bergen_Wa_135
EMOBON_Bergen_Wa_240628_3um_4,EMOBON metagenome water sample from station Bergen collected on 2024-06-28 size fraction 3-200um,1874687,marine plankton metagenome,metagenome,seawater [ENVO:00002149]; coastal sea water [ENVO:00002150]; surface water [ENVO:00002042],2024-06-28 00:00:00,Bergen_Wa_240628,David Rees,NA,no_tide,2,,4,10,fi,3-200,3,200,Y,Niskin,WaSOP1,NA,2024-06-28 00:00:00,BIO upright -80C freezer; top shelf in upper section,-80,David Rees,NA,NA,NA,,NA,NA,NA,NA,NA,NA,NA,NA,EMOBON_Bergen_Wa_136
EMOBON_Bergen_Wa_240628_0.2um_3,EMOBON metagenome water sample from station Bergen collected on 2024-06-28 size fraction 0.2-3um,1874687,marine plankton metagenome,metagenome,seawater [ENVO:00002149]; coastal sea water [ENVO:00002150]; surface water [ENVO:00002042],2024-06-28 00:00:00,Bergen_Wa_240628,David Rees,NA,no_tide,2,,3,10,fi,0.2-3,0.2,3,Y,Niskin,WaSOP1,NA,2024-06-28 00:00:00,BIO upright -80C freezer; top shelf in upper section,-80,David Rees,NA,NA,NA,,NA,NA,NA,NA,NA,NA,NA,NA,EMOBON_Bergen_Wa_137
EMOBON_Bergen_Wa_240628_0.2um_4,EMOBON metagenome water sample from station Bergen collected on 2024-06-28 size fraction 0.2-3um,1874687,marine plankton metagenome,metagenome,seawater [ENVO:00002149]; coastal sea water [ENVO:00002150]; surface water [ENVO:00002042],2024-06-28 00:00:00,Bergen_Wa_240628,David Rees,NA,no_tide,2,,4,10,fi,0.2-3,0.2,3,Y,Niskin,WaSOP1,NA,2024-06-28 00:00:00,BIO upright -80C freezer; top shelf in upper section,-80,David Rees,NA,NA,NA,,NA,NA,NA,NA,NA,NA,NA,NA,EMOBON_Bergen_Wa_138
EMOBON_Bergen_Wa_240628_3um_blank,EMOBON metagenome water sample from station Bergen collected on 2024-06-28 size fraction 3-200um,1874687,marine plankton metagenome,metagenome,MilliQ water [ENVO:00003065],2024-06-28 00:00:00,Bergen_Wa_240628,David Rees,NA,no_tide,2,,blank_1,10,fi,3-200,3,200,N,Niskin,WaSOP1,NA,2024-06-28 00:00:00,BIO upright -80C freezer; top shelf in upper section,-80,David Rees,NA,NA,NA,,NA,NA,NA,NA,NA,NA,NA,NA,EMOBON_Bergen_Wa_139
EMOBON_Bergen_Wa_240628_0.2um_blank,EMOBON metagenome water sample from station Bergen collected on 2024-06-28 size fraction 0.2-3um,1874687,marine plankton metagenome,metagenome,MilliQ water [ENVO:00003065],2024-06-28 00:00:00,Bergen_Wa_240628,David Rees,NA,no_tide,2,,blank_1,10,fi,0.2-3,0.2,3,N,Niskin,WaSOP1,NA,2024-06-28 00:00:00,BIO upright -80C freezer; top shelf in upper section,-80,David Rees,NA,NA,NA,,NA,NA,NA,NA,NA,NA,NA,NA,EMOBON_Bergen_Wa_140
EMOBON_Bergen_Wa_240829_3um_1,EMOBON metagenome water sample from station Bergen collected on 2024-08-29 size fraction 3-200um,1874687,marine plankton metagenome,metagenome,seawater [ENVO:00002149]; coastal sea water [ENVO:00002150]; surface water [ENVO:00002042],2024-08-29 00:00:00,Bergen_Wa_240829,David Rees,NA,no_tide,2,,1,10,fi,3-200,3,200,Y,Niskin,WaSOP1,NA,2024-08-29 00:00:00,BIO upright -80C freezer; top shelf in upper section,-80,David Rees,NA,NA,NA,,to ship,NA,NA,NA,NA,NA,NA,NA,EMOBON_Bergen_Wa_141
EMOBON_Bergen_Wa_240829_3um_2,EMOBON metagenome water sample from station Bergen collected on 2024-08-29 size fraction 3-200um,1874687,marine plankton metagenome,metagenome,seawater [ENVO:00002149]; coastal sea water [ENVO:00002150]; surface water [ENVO:00002042],2024-08-29 00:00:00,Bergen_Wa_240829,David Rees,NA,no_tide,2,,2,10,fi,3-200,3,200,Y,Niskin,WaSOP1,NA,2024-08-29 00:00:00,BIO upright -80C freezer; top shelf in upper section,-80,David Rees,NA,NA,NA,,to ship,NA,NA,NA,NA,NA,NA,NA,EMOBON_Bergen_Wa_142
EMOBON_Bergen_Wa_240829_0.2um_1,EMOBON metagenome water sample from station Bergen collected on 2024-08-29 size fraction 0.2-3um,1874687,marine plankton metagenome,metagenome,seawater [ENVO:00002149]; coastal sea water [ENVO:00002150]; surface water [ENVO:00002042],2024-08-29 00:00:00,Bergen_Wa_240829,David Rees,NA,no_tide,2,,1,10,fi,0.2-3,0.2,3,Y,Niskin,WaSOP1,NA,2024-08-29 00:00:00,BIO upright -80C freezer; top shelf in upper section,-80,David Rees,NA,NA,NA,,to ship,NA,NA,NA,NA,NA,NA,NA,EMOBON_Bergen_Wa_143
EMOBON_Bergen_Wa_240829_0.2um_2,EMOBON metagenome water sample from station Bergen collected on 2024-08-29 size fraction 0.2-3um,1874687,marine plankton metagenome,metagenome,seawater [ENVO:00002149]; coastal sea water [ENVO:00002150]; surface water [ENVO:00002042],2024-08-29 00:00:00,Bergen_Wa_240829,David Rees,NA,no_tide,2,,2,10,fi,0.2-3,0.2,3,Y,Niskin,WaSOP1,NA,2024-08-29 00:00:00,BIO upright -80C freezer; top shelf in upper section,-80,David Rees,NA,NA,NA,,to ship,NA,NA,NA,NA,NA,NA,NA,EMOBON_Bergen_Wa_144
EMOBON_Bergen_Wa_240829_3um_3,EMOBON metagenome water sample from station Bergen collected on 2024-08-29 size fraction 3-200um,1874687,marine plankton metagenome,metagenome,seawater [ENVO:00002149]; coastal sea water [ENVO:00002150]; surface water [ENVO:00002042],2024-08-29 00:00:00,Bergen_Wa_240829,David Rees,NA,no_tide,2,,3,10,fi,3-200,3,200,Y,Niskin,WaSOP1,NA,2024-08-29 00:00:00,BIO upright -80C freezer; top shelf in upper section,-80,David Rees,NA,NA,NA,,NA,NA,NA,NA,NA,NA,NA,NA,EMOBON_Bergen_Wa_145
EMOBON_Bergen_Wa_240829_3um_4,EMOBON metagenome water sample from station Bergen collected on 2024-08-29 size fraction 3-200um,1874687,marine plankton metagenome,metagenome,seawater [ENVO:00002149]; coastal sea water [ENVO:00002150]; surface water [ENVO:00002042],2024-08-29 00:00:00,Bergen_Wa_240829,David Rees,NA,no_tide,2,,4,10,fi,3-200,3,200,Y,Niskin,WaSOP1,NA,2024-08-29 00:00:00,BIO upright -80C freezer; top shelf in upper section,-80,David Rees,NA,NA,NA,,NA,NA,NA,NA,NA,NA,NA,NA,EMOBON_Bergen_Wa_146
EMOBON_Bergen_Wa_240829_0.2um_3,EMOBON metagenome water sample from station Bergen collected on 2024-08-29 size fraction 0.2-3um,1874687,marine plankton metagenome,metagenome,seawater [ENVO:00002149]; coastal sea water [ENVO:00002150]; surface water [ENVO:00002042],2024-08-29 00:00:00,Bergen_Wa_240829,David Rees,NA,no_tide,2,,3,10,fi,0.2-3,0.2,3,Y,Niskin,WaSOP1,NA,2024-08-29 00:00:00,BIO upright -80C freezer; top shelf in upper section,-80,David Rees,NA,NA,NA,,NA,NA,NA,NA,NA,NA,NA,NA,EMOBON_Bergen_Wa_147
EMOBON_Bergen_Wa_240829_0.2um_4,EMOBON metagenome water sample from station Bergen collected on 2024-08-29 size fraction 0.2-3um,1874687,marine plankton metagenome,metagenome,seawater [ENVO:00002149]; coastal sea water [ENVO:00002150]; surface water [ENVO:00002042],2024-08-29 00:00:00,Bergen_Wa_240829,David Rees,NA,no_tide,2,,4,10,fi,0.2-3,0.2,3,Y,Niskin,WaSOP1,NA,2024-08-29 00:00:00,BIO upright -80C freezer; top shelf in upper section,-80,David Rees,NA,NA,NA,,NA,NA,NA,NA,NA,NA,NA,NA,EMOBON_Bergen_Wa_148
EMOBON_Bergen_Wa_240829_3um_blank_1,EMOBON metagenome water sample from station Bergen collected on 2024-08-29 size fraction 3-200um,1874687,marine plankton metagenome,metagenome,MilliQ water [ENVO:00003065],2024-08-29 00:00:00,Bergen_Wa_240829,David Rees,NA,no_tide,2,,blank_1,10,fi,3-200,3,200,N,Niskin,WaSOP1,NA,2024-08-29 00:00:00,BIO upright -80C freezer; top shelf in upper section,-80,David Rees,NA,NA,NA,,NA,NA,NA,NA,NA,NA,NA,NA,EMOBON_Bergen_Wa_149
EMOBON_Bergen_Wa_240829_0.2um_blank_1,EMOBON metagenome water sample from station Bergen collected on 2024-08-29 size fraction 0.2-3um,1874687,marine plankton metagenome,metagenome,MilliQ water [ENVO:00003065],2024-08-29 00:00:00,Bergen_Wa_240829,David Rees,NA,no_tide,2,,blank_1,10,fi,0.2-3,0.2,3,N,Niskin,WaSOP1,NA,2024-08-29 00:00:00,BIO upright -80C freezer; top shelf in upper section,-80,David Rees,NA,NA,NA,,NA,NA,NA,NA,NA,NA,NA,NA,EMOBON_Bergen_Wa_150
EMOBON_Bergen_Wa_241023_3um_1,EMOBON metagenome water sample from station Bergen collected on 2024-10-23 size fraction 3-200um,1874687,marine plankton metagenome,metagenome,seawater [ENVO:00002149]; coastal sea water [ENVO:00002150]; surface water [ENVO:00002042],2024-10-23 00:00:00,Bergen_Wa_241023,David Rees,NA,no_tide,2,,1,10,fi,3-200,3,200,Y,Niskin,WaSOP1,NA,2024-10-23 00:00:00,BIO upright -80C freezer; top shelf in upper section,-80,David Rees,NA,NA,NA,,to ship,NA,NA,NA,NA,NA,NA,NA,EMOBON_Bergen_Wa_151
EMOBON_Bergen_Wa_241023_3um_2,EMOBON metagenome water sample from station Bergen collected on 2024-10-23 size fraction 3-200um,1874687,marine plankton metagenome,metagenome,seawater [ENVO:00002149]; coastal sea water [ENVO:00002150]; surface water [ENVO:00002042],2024-10-23 00:00:00,Bergen_Wa_241023,David Rees,NA,no_tide,2,,2,10,fi,3-200,3,200,Y,Niskin,WaSOP1,NA,2024-10-23 00:00:00,BIO upright -80C freezer; top shelf in upper section,-80,David Rees,NA,NA,NA,,to ship,NA,NA,NA,NA,NA,NA,NA,EMOBON_Bergen_Wa_152
EMOBON_Bergen_Wa_241023_0.2um_1,EMOBON metagenome water sample from station Bergen collected on 2024-10-23 size fraction 0.2-3um,1874687,marine plankton metagenome,metagenome,seawater [ENVO:00002149]; coastal sea water [ENVO:00002150]; surface water [ENVO:00002042],2024-10-23 00:00:00,Bergen_Wa_241023,David Rees,NA,no_tide,2,,1,10,fi,0.2-3,0.2,3,Y,Niskin,WaSOP1,NA,2024-10-23 00:00:00,BIO upright -80C freezer; top shelf in upper section,-80,David Rees,NA,NA,NA,,to ship,NA,NA,NA,NA,NA,NA,NA,EMOBON_Bergen_Wa_153
EMOBON_Bergen_Wa_241023_0.2um_2,EMOBON metagenome water sample from station Bergen collected on 2024-10-23 size fraction 0.2-3um,1874687,marine plankton metagenome,metagenome,seawater [ENVO:00002149]; coastal sea water [ENVO:00002150]; surface water [ENVO:00002042],2024-10-23 00:00:00,Bergen_Wa_241023,David Rees,NA,no_tide,2,,2,10,fi,0.2-3,0.2,3,Y,Niskin,WaSOP1,NA,2024-10-23 00:00:00,BIO upright -80C freezer; top shelf in upper section,-80,David Rees,NA,NA,NA,,to ship,NA,NA,NA,NA,NA,NA,NA,EMOBON_Bergen_Wa_154
EMOBON_Bergen_Wa_241023_3um_3,EMOBON metagenome water sample from station Bergen collected on 2024-10-23 size fraction 3-200um,1874687,marine plankton metagenome,metagenome,seawater [ENVO:00002149]; coastal sea water [ENVO:00002150]; surface water [ENVO:00002042],2024-10-23 00:00:00,Bergen_Wa_241023,David Rees,NA,no_tide,2,,3,10,fi,3-200,3,200,Y,Niskin,WaSOP1,NA,2024-10-23 00:00:00,BIO upright -80C freezer; top shelf in upper section,-80,David Rees,NA,NA,NA,,NA,NA,NA,NA,NA,NA,NA,NA,EMOBON_Bergen_Wa_155
EMOBON_Bergen_Wa_241023_3um_4,EMOBON metagenome water sample from station Bergen collected on 2024-10-23 size fraction 3-200um,1874687,marine plankton metagenome,metagenome,seawater [ENVO:00002149]; coastal sea water [ENVO:00002150]; surface water [ENVO:00002042],2024-10-23 00:00:00,Bergen_Wa_241023,David Rees,NA,no_tide,2,,4,10,fi,3-200,3,200,Y,Niskin,WaSOP1,NA,2024-10-23 00:00:00,BIO upright -80C freezer; top shelf in upper section,-80,David Rees,NA,NA,NA,,NA,NA,NA,NA,NA,NA,NA,NA,EMOBON_Bergen_Wa_156
EMOBON_Bergen_Wa_241023_0.2um_3,EMOBON metagenome water sample from station Bergen collected on 2024-10-23 size fraction 0.2-3um,1874687,marine plankton metagenome,metagenome,seawater [ENVO:00002149]; coastal sea water [ENVO:00002150]; surface water [ENVO:00002042],2024-10-23 00:00:00,Bergen_Wa_241023,David Rees,NA,no_tide,2,,3,10,fi,0.2-3,0.2,3,Y,Niskin,WaSOP1,NA,2024-10-23 00:00:00,BIO upright -80C freezer; top shelf in upper section,-80,David Rees,NA,NA,NA,,NA,NA,NA,NA,NA,NA,NA,NA,EMOBON_Bergen_Wa_157
EMOBON_Bergen_Wa_241023_0.2um_4,EMOBON metagenome water sample from station Bergen collected on 2024-10-23 size fraction 0.2-3um,1874687,marine plankton metagenome,metagenome,seawater [ENVO:00002149]; coastal sea water [ENVO:00002150]; surface water [ENVO:00002042],2024-10-23 00:00:00,Bergen_Wa_241023,David Rees,NA,no_tide,2,,4,10,fi,0.2-3,0.2,3,Y,Niskin,WaSOP1,NA,2024-10-23 00:00:00,BIO upright -80C freezer; top shelf in upper section,-80,David Rees,NA,NA,NA,,NA,NA,NA,NA,NA,NA,NA,NA,EMOBON_Bergen_Wa_158
EMOBON_Bergen_Wa_241023_3um_blank,EMOBON metagenome water sample from station Bergen collected on 2024-10-23 size fraction 3-200um,1874687,marine plankton metagenome,metagenome,MilliQ water [ENVO:00003065],2024-10-23 00:00:00,Bergen_Wa_241023,David Rees,NA,no_tide,2,,blank_1,10,fi,3-200,3,200,N,Niskin,WaSOP1,NA,2024-10-23 00:00:00,BIO upright -80C freezer; top shelf in upper section,-80,David Rees,NA,NA,NA,,NA,NA,NA,NA,NA,NA,NA,NA,EMOBON_Bergen_Wa_159
EMOBON_Bergen_Wa_241023_0.2um_blank,EMOBON metagenome water sample from station Bergen collected on 2024-10-23 size fraction 0.2-3um,1874687,marine plankton metagenome,metagenome,MilliQ water [ENVO:00003065],2024-10-23 00:00:00,Bergen_Wa_241023,David Rees,NA,no_tide,2,,blank_1,10,fi,0.2-3,0.2,3,N,Niskin,WaSOP1,NA,2024-10-23 00:00:00,BIO upright -80C freezer; top shelf in upper section,-80,David Rees,NA,NA,NA,,NA,NA,NA,NA,NA,NA,NA,NA,EMOBON_Bergen_Wa_160
EMOBON_Bergen_Wa_241210_3um_1,EMOBON metagenome water sample from station Bergen collected on 2024-12-10 size fraction 3-200um,1874687,marine plankton metagenome,metagenome,seawater [ENVO:00002149]; coastal sea water [ENVO:00002150]; surface water [ENVO:00002042],2024-12-10 00:00:00,Bergen_Wa_241210,David Rees,NA,no_tide,2,,1,10,fi,3-200,3,200,Y,Niskin,WaSOP1,NA,2024-12-10 00:00:00,BIO upright -80C freezer; top shelf in upper section,-80,David Rees,NA,NA,NA,,to ship,NA,NA,NA,NA,NA,NA,NA,EMOBON_Bergen_Wa_161
EMOBON_Bergen_Wa_241210_3um_2,EMOBON metagenome water sample from station Bergen collected on 2024-12-10 size fraction 3-200um,1874687,marine plankton metagenome,metagenome,seawater [ENVO:00002149]; coastal sea water [ENVO:00002150]; surface water [ENVO:00002042],2024-12-10 00:00:00,Bergen_Wa_241210,David Rees,NA,no_tide,2,,2,10,fi,3-200,3,200,Y,Niskin,WaSOP1,NA,2024-12-10 00:00:00,BIO upright -80C freezer; top shelf in upper section,-80,David Rees,NA,NA,NA,,to ship,NA,NA,NA,NA,NA,NA,NA,EMOBON_Bergen_Wa_162
EMOBON_Bergen_Wa_241210_0.2um_1,EMOBON metagenome water sample from station Bergen collected on 2024-12-10 size fraction 0.2-3um,1874687,marine plankton metagenome,metagenome,seawater [ENVO:00002149]; coastal sea water [ENVO:00002150]; surface water [ENVO:00002042],2024-12-10 00:00:00,Bergen_Wa_241210,David Rees,NA,no_tide,2,,1,10,fi,0.2-3,0.2,3,Y,Niskin,WaSOP1,NA,2024-12-10 00:00:00,BIO upright -80C freezer; top shelf in upper section,-80,David Rees,NA,NA,NA,,to ship,NA,NA,NA,NA,NA,NA,NA,EMOBON_Bergen_Wa_163
EMOBON_Bergen_Wa_241210_0.2um_2,EMOBON metagenome water sample from station Bergen collected on 2024-12-10 size fraction 0.2-3um,1874687,marine plankton metagenome,metagenome,seawater [ENVO:00002149]; coastal sea water [ENVO:00002150]; surface water [ENVO:00002042],2024-12-10 00:00:00,Bergen_Wa_241210,David Rees,NA,no_tide,2,,2,10,fi,0.2-3,0.2,3,Y,Niskin,WaSOP1,NA,2024-12-10 00:00:00,BIO upright -80C freezer; top shelf in upper section,-80,David Rees,NA,NA,NA,,to ship,NA,NA,NA,NA,NA,NA,NA,EMOBON_Bergen_Wa_164
EMOBON_Bergen_Wa_241210_3um_3,EMOBON metagenome water sample from station Bergen collected on 2024-12-10 size fraction 3-200um,1874687,marine plankton metagenome,metagenome,seawater [ENVO:00002149]; coastal sea water [ENVO:00002150]; surface water [ENVO:00002042],2024-12-10 00:00:00,Bergen_Wa_241210,David Rees,NA,no_tide,2,,3,10,fi,3-200,3,200,Y,Niskin,WaSOP1,NA,2024-12-10 00:00:00,BIO upright -80C freezer; top shelf in upper section,-80,David Rees,NA,NA,NA,,NA,NA,NA,NA,NA,NA,NA,NA,EMOBON_Bergen_Wa_165
EMOBON_Bergen_Wa_241210_3um_4,EMOBON metagenome water sample from station Bergen collected on 2024-12-10 size fraction 3-200um,1874687,marine plankton metagenome,metagenome,seawater [ENVO:00002149]; coastal sea water [ENVO:00002150]; surface water [ENVO:00002042],2024-12-10 00:00:00,Bergen_Wa_241210,David Rees,NA,no_tide,2,,4,10,fi,3-200,3,200,Y,Niskin,WaSOP1,NA,2024-12-10 00:00:00,BIO upright -80C freezer; top shelf in upper section,-80,David Rees,NA,NA,NA,,NA,NA,NA,NA,NA,NA,NA,NA,EMOBON_Bergen_Wa_166
EMOBON_Bergen_Wa_241210_0.2um_3,EMOBON metagenome water sample from station Bergen collected on 2024-12-10 size fraction 0.2-3um,1874687,marine plankton metagenome,metagenome,seawater [ENVO:00002149]; coastal sea water [ENVO:00002150]; surface water [ENVO:00002042],2024-12-10 00:00:00,Bergen_Wa_241210,David Rees,NA,no_tide,2,,3,10,fi,0.2-3,0.2,3,Y,Niskin,WaSOP1,NA,2024-12-10 00:00:00,BIO upright -80C freezer; top shelf in upper section,-80,David Rees,NA,NA,NA,,NA,NA,NA,NA,NA,NA,NA,NA,EMOBON_Bergen_Wa_167
EMOBON_Bergen_Wa_241210_0.2um_4,EMOBON metagenome water sample from station Bergen collected on 2024-12-10 size fraction 0.2-3um,1874687,marine plankton metagenome,metagenome,seawater [ENVO:00002149]; coastal sea water [ENVO:00002150]; surface water [ENVO:00002042],2024-12-10 00:00:00,Bergen_Wa_241210,David Rees,NA,no_tide,2,,4,10,fi,0.2-3,0.2,3,Y,Niskin,WaSOP1,NA,2024-12-10 00:00:00,BIO upright -80C freezer; top shelf in upper section,-80,David Rees,NA,NA,NA,,NA,NA,NA,NA,NA,NA,NA,NA,EMOBON_Bergen_Wa_168
EMOBON_Bergen_Wa_241210_3um_blank,EMOBON metagenome water sample from station Bergen collected on 2024-12-10 size fraction 3-200um,1874687,marine plankton metagenome,metagenome,MilliQ water [ENVO:00003065],2024-12-10 00:00:00,Bergen_Wa_241210,David Rees,NA,no_tide,2,,blank_1,10,fi,3-200,3,200,N,Niskin,WaSOP1,NA,2024-12-10 00:00:00,BIO upright -80C freezer; top shelf in upper section,-80,David Rees,NA,NA,NA,,NA,NA,NA,NA,NA,NA,NA,NA,EMOBON_Bergen_Wa_169
EMOBON_Bergen_Wa_241210_0.2um_blank,EMOBON metagenome water sample from station Bergen collected on 2024-12-10 size fraction 0.2-3um,1874687,marine plankton metagenome,metagenome,MilliQ water [ENVO:00003065],2024-12-10 00:00:00,Bergen_Wa_241210,David Rees,NA,no_tide,2,,blank_1,10,fi,0.2-3,0.2,3,N,Niskin,WaSOP1,NA,2024-12-10 00:00:00,BIO upright -80C freezer; top shelf in upper section,-80,David Rees,NA,NA,NA,,NA,NA,NA,NA,NA,NA,NA,NA,EMOBON_Bergen_Wa_170
